-- phpMyAdmin SQL Dump
-- version 5.2.0
-- https://www.phpmyadmin.net/
--
-- Host: 127.0.0.1
-- Waktu pembuatan: 05 Jun 2023 pada 05.59
-- Versi server: 10.4.27-MariaDB
-- Versi PHP: 8.2.0

SET SQL_MODE = "NO_AUTO_VALUE_ON_ZERO";
START TRANSACTION;
SET time_zone = "+00:00";


/*!40101 SET @OLD_CHARACTER_SET_CLIENT=@@CHARACTER_SET_CLIENT */;
/*!40101 SET @OLD_CHARACTER_SET_RESULTS=@@CHARACTER_SET_RESULTS */;
/*!40101 SET @OLD_COLLATION_CONNECTION=@@COLLATION_CONNECTION */;
/*!40101 SET NAMES utf8mb4 */;

--
-- Database: `smk_palu`
--

-- --------------------------------------------------------

--
-- Struktur dari tabel `admin`
--

CREATE TABLE `admin` (
  `id_admin` int(11) NOT NULL,
  `username` varchar(25) NOT NULL,
  `password` varchar(100) NOT NULL
) ENGINE=InnoDB DEFAULT CHARSET=utf8mb4 COLLATE=utf8mb4_general_ci;

--
-- Dumping data untuk tabel `admin`
--

INSERT INTO `admin` (`id_admin`, `username`, `password`) VALUES
(1, 'admin', '69f4535bfed3f7a8928b15593f0db097');

-- --------------------------------------------------------

--
-- Struktur dari tabel `artikel`
--

CREATE TABLE `artikel` (
  `id_artikel` int(11) NOT NULL,
  `id_user` int(11) NOT NULL,
  `judul` varchar(255) NOT NULL,
  `gambar` varchar(255) NOT NULL,
  `tanggal` date NOT NULL,
  `keterangan` text NOT NULL,
  `status` enum('0','1') NOT NULL
) ENGINE=InnoDB DEFAULT CHARSET=utf8mb4 COLLATE=utf8mb4_general_ci;

--
-- Dumping data untuk tabel `artikel`
--

INSERT INTO `artikel` (`id_artikel`, `id_user`, `judul`, `gambar`, `tanggal`, `keterangan`, `status`) VALUES
(4, 9, 'Bootstrap adalah framework HTML, CSS, dan JavaScript yang berfungsi untuk mendesain website responsive dengan cepat dan mudah.', 'pexels-photo-1049298.jpeg', '2023-06-02', '<p>Bootstrap adalah kerangka kerja CSS yang sumber terbuka dan bebas untuk merancang situs web dan aplikasi web. Kerangka kerja ini berisi templat desain berbasis HTML dan CSS untuk tipografi, formulir, tombol, navigasi, dan komponen antarmuka lainnya, serta juga ekstensi opsional JavaScript.&nbsp;</p>', '1');

-- --------------------------------------------------------

--
-- Struktur dari tabel `data_guru`
--

CREATE TABLE `data_guru` (
  `nip` char(18) NOT NULL,
  `id_user` int(11) NOT NULL,
  `mapel` varchar(50) NOT NULL,
  `no_wa` char(13) NOT NULL,
  `email` varchar(100) NOT NULL,
  `alamat` varchar(255) NOT NULL
) ENGINE=InnoDB DEFAULT CHARSET=utf8mb4 COLLATE=utf8mb4_general_ci;

--
-- Dumping data untuk tabel `data_guru`
--

INSERT INTO `data_guru` (`nip`, `id_user`, `mapel`, `no_wa`, `email`, `alamat`) VALUES
('23454323432', 9, 'Pemrograman Web', '', '', ''),
('243532', 1316, 'Matematika', '', '', '');

-- --------------------------------------------------------

--
-- Struktur dari tabel `data_siswa`
--

CREATE TABLE `data_siswa` (
  `nis` char(9) NOT NULL,
  `nisn` char(10) NOT NULL,
  `id_user` int(11) NOT NULL,
  `id_jurusan` int(11) NOT NULL,
  `angkatan` int(4) NOT NULL,
  `no_wa` char(13) NOT NULL,
  `email` varchar(100) NOT NULL
) ENGINE=InnoDB DEFAULT CHARSET=utf8mb4 COLLATE=utf8mb4_general_ci;

--
-- Dumping data untuk tabel `data_siswa`
--

INSERT INTO `data_siswa` (`nis`, `nisn`, `id_user`, `id_jurusan`, `angkatan`, `no_wa`, `email`) VALUES
('190001100', '8788799001', 795, 1, 2019, '', ''),
('190001101', '0900911223', 796, 1, 2019, '', ''),
('190001102', '1011022334', 797, 1, 2019, '', ''),
('190001103', '2122133445', 798, 1, 2019, '', ''),
('190001104', '3233244556', 799, 1, 2019, '', ''),
('190001105', '4344355567', 800, 1, 2019, '', ''),
('190001106', '5455466778', 801, 1, 2019, '', ''),
('190001107', '6566577889', 802, 1, 2019, '', ''),
('190001108', '7677688900', 803, 1, 2019, '', ''),
('190001109', '8788799001', 804, 1, 2019, '', ''),
('190001110', '9899800112', 805, 1, 2019, '', ''),
('190001111', '0900911223', 806, 1, 2019, '', ''),
('190001112', '1011022334', 807, 1, 2019, '', ''),
('190001113', '2122133445', 808, 1, 2019, '', ''),
('190001114', '3233244556', 809, 1, 2019, '', ''),
('190001115', '4344355567', 810, 1, 2019, '', ''),
('190001116', '5455466778', 811, 1, 2019, '', ''),
('190001117', '6566577889', 812, 1, 2019, '', ''),
('190001118', '7677688900', 813, 1, 2019, '', ''),
('190001119', '8788799001', 814, 1, 2019, '', ''),
('190001120', '9899800112', 815, 1, 2019, '', ''),
('190001121', '0900911223', 816, 1, 2019, '', ''),
('190001122', '1011022334', 817, 1, 2019, '', ''),
('190001123', '2122133445', 818, 1, 2019, '', ''),
('190001124', '3233244556', 819, 1, 2019, '', ''),
('190001125', '4344355567', 820, 1, 2019, '', ''),
('190001126', '5455466778', 821, 1, 2019, '', ''),
('190001127', '6566577889', 822, 1, 2019, '', ''),
('190001128', '7677688900', 823, 1, 2019, '', ''),
('190001129', '8788799001', 824, 1, 2019, '', ''),
('190001130', '9899800112', 825, 1, 2019, '', ''),
('190001131', '0900911223', 826, 1, 2019, '', ''),
('190001132', '1011022334', 827, 1, 2019, '', ''),
('190001133', '2122133445', 828, 1, 2019, '', ''),
('190001134', '3233244556', 829, 1, 2019, '', ''),
('190001135', '4344355567', 830, 1, 2019, '', ''),
('190001136', '5455466778', 831, 1, 2019, '', ''),
('190001137', '6566577889', 832, 1, 2019, '', ''),
('190001138', '7677688900', 833, 1, 2019, '', ''),
('190001139', '8788799001', 834, 1, 2019, '', ''),
('190001140', '9899800112', 835, 1, 2019, '', ''),
('190001141', '0900911223', 836, 1, 2019, '', ''),
('190001142', '1011022334', 620, 1, 2019, '', ''),
('190001143', '2122133445', 838, 1, 2019, '', ''),
('190001144', '3233244556', 839, 1, 2019, '', ''),
('190001145', '4344355567', 840, 1, 2019, '', ''),
('190001146', '5455466778', 841, 1, 2019, '', ''),
('190001147', '6566577889', 842, 1, 2019, '', ''),
('190001148', '7677688900', 843, 1, 2019, '', ''),
('190001149', '8788799001', 844, 1, 2019, '', ''),
('190001150', '9899800112', 845, 1, 2019, '', ''),
('190001151', '0900911223', 846, 1, 2019, '', ''),
('190001152', '1011022334', 847, 1, 2019, '', ''),
('190001153', '2122133445', 848, 1, 2019, '', ''),
('190001154', '3233244556', 849, 1, 2019, '', ''),
('190001155', '4344355567', 850, 1, 2019, '', ''),
('190001156', '5455466778', 851, 1, 2019, '', ''),
('190001157', '6566577889', 852, 1, 2019, '', ''),
('190001158', '7677688900', 853, 1, 2019, '', ''),
('190001159', '8788799001', 854, 1, 2019, '', ''),
('190001160', '9899800112', 855, 1, 2019, '', ''),
('190001161', '0900911223', 856, 1, 2019, '', ''),
('190001162', '1011022334', 857, 1, 2019, '', ''),
('190001163', '2122133445', 858, 1, 2019, '', ''),
('190001164', '3233244556', 859, 1, 2019, '', ''),
('190001165', '4344355567', 860, 1, 2019, '', ''),
('190001166', '5455466778', 861, 1, 2019, '', ''),
('190001167', '6566577889', 862, 1, 2019, '', ''),
('190001168', '7677688900', 863, 1, 2019, '', ''),
('190001169', '8788799001', 569, 1, 2019, '', ''),
('190001170', '9899800112', 865, 1, 2019, '', ''),
('190001171', '0900911223', 571, 1, 2019, '', ''),
('190001172', '1011022334', 572, 1, 2019, '', ''),
('190001173', '2122133445', 868, 1, 2019, '', ''),
('190001174', '3233244556', 869, 1, 2019, '', ''),
('190001175', '4344355567', 575, 1, 2019, '', ''),
('190001176', '5455466778', 576, 1, 2019, '', ''),
('190001177', '6566577889', 577, 1, 2019, '', ''),
('190001178', '7677688900', 578, 1, 2019, '', ''),
('190001179', '8788799001', 579, 1, 2019, '', ''),
('190001180', '9899800112', 580, 1, 2019, '', ''),
('190001181', '0900911223', 581, 1, 2019, '', ''),
('190001182', '1011022334', 582, 1, 2019, '', ''),
('190002100', '1234567890', 274, 2, 2019, '', ''),
('190002101', '2345678901', 275, 2, 2019, '', ''),
('190002102', '3456789012', 276, 2, 2019, '', ''),
('190002103', '4567890123', 277, 2, 2019, '', ''),
('190002104', '5678901234', 278, 2, 2019, '', ''),
('190002105', '6789012345', 279, 2, 2019, '', ''),
('190002106', '7890123456', 280, 2, 2019, '', ''),
('190002107', '8901234567', 281, 2, 2019, '', ''),
('190002108', '9012345678', 282, 2, 2019, '', ''),
('190002109', '0123456789', 283, 2, 2019, '', ''),
('190002110', '1122334455', 284, 2, 2019, '', ''),
('190002111', '2233445566', 285, 2, 2019, '', ''),
('190002112', '3344556677', 286, 2, 2019, '', ''),
('190002113', '4455667788', 287, 2, 2019, '', ''),
('190002114', '5566778899', 288, 2, 2019, '', ''),
('190002115', '6677889900', 289, 2, 2019, '', ''),
('190002116', '7788990011', 290, 2, 2019, '', ''),
('190002117', '8899001122', 291, 2, 2019, '', ''),
('190002118', '9900112233', 292, 2, 2019, '', ''),
('190002119', '1011223344', 293, 2, 2019, '', ''),
('190002120', '2122233445', 294, 2, 2019, '', ''),
('190002121', '3233344556', 295, 2, 2019, '', ''),
('190002122', '4344455567', 296, 2, 2019, '', ''),
('190002123', '5455566778', 297, 2, 2019, '', ''),
('190002124', '6566677889', 298, 2, 2019, '', ''),
('190002125', '7677788900', 299, 2, 2019, '', ''),
('190002126', '8788899001', 300, 2, 2019, '', ''),
('190002127', '9899001122', 301, 2, 2019, '', ''),
('190002128', '0900112233', 302, 2, 2019, '', ''),
('190002129', '1011122334', 303, 2, 2019, '', ''),
('190002130', '2021223345', 304, 2, 2019, '', ''),
('190002131', '3132334456', 305, 2, 2019, '', ''),
('190002132', '4243445567', 306, 2, 2019, '', ''),
('190002133', '5354556678', 307, 2, 2019, '', ''),
('190002134', '6465667789', 308, 2, 2019, '', ''),
('190002135', '7576778890', 309, 2, 2019, '', ''),
('190002136', '8687889901', 310, 2, 2019, '', ''),
('190002137', '9798990012', 311, 2, 2019, '', ''),
('190002138', '0800911123', 312, 2, 2019, '', ''),
('190002139', '1911922334', 313, 2, 2019, '', ''),
('190002140', '2022023445', 314, 2, 2019, '', ''),
('190002141', '3133134456', 315, 2, 2019, '', ''),
('190002142', '4244245567', 316, 2, 2019, '', ''),
('190002143', '5355356678', 317, 2, 2019, '', ''),
('190002144', '6466467789', 318, 2, 2019, '', ''),
('190002145', '7577578890', 319, 2, 2019, '', ''),
('190002146', '8688689901', 320, 2, 2019, '', ''),
('190002147', '9799790012', 321, 2, 2019, '', ''),
('190002148', '0800801123', 322, 2, 2019, '', ''),
('190002149', '1911912334', 323, 2, 2019, '', ''),
('190002150', '2022023445', 324, 2, 2019, '', ''),
('190002151', '3133134456', 325, 2, 2019, '', ''),
('190002152', '4244245567', 326, 2, 2019, '', ''),
('190002153', '5355356678', 327, 2, 2019, '', ''),
('190002154', '6466467789', 328, 2, 2019, '', ''),
('190002155', '7577578890', 329, 2, 2019, '', ''),
('190002156', '8688689901', 330, 2, 2019, '', ''),
('190002157', '9799790012', 331, 2, 2019, '', ''),
('190002158', '0800801123', 332, 2, 2019, '', ''),
('190002159', '1911912334', 333, 2, 2019, '', ''),
('190002160', '2022023445', 334, 2, 2019, '', ''),
('190002161', '3133134456', 335, 2, 2019, '', ''),
('190002162', '4244245567', 336, 2, 2019, '', ''),
('190002163', '5355356678', 337, 2, 2019, '', ''),
('190002164', '6466467789', 338, 2, 2019, '', ''),
('190002165', '7577578890', 339, 2, 2019, '', ''),
('190002166', '8688689901', 340, 2, 2019, '', ''),
('190002167', '9799790012', 341, 2, 2019, '', ''),
('190002168', '0800801123', 342, 2, 2019, '', ''),
('190002169', '1911912334', 343, 2, 2019, '', ''),
('190002170', '2022023445', 344, 2, 2019, '', ''),
('190002171', '3133134456', 345, 2, 2019, '', ''),
('190002172', '4244245567', 346, 2, 2019, '', ''),
('190002173', '5355356678', 347, 2, 2019, '', ''),
('190002174', '6466467789', 348, 2, 2019, '', ''),
('190002175', '7577578890', 349, 2, 2019, '', ''),
('190002176', '8688689901', 350, 2, 2019, '', ''),
('190002177', '9799790012', 351, 2, 2019, '', ''),
('200001100', '8788799001', 795, 1, 2020, '', ''),
('200001101', '0900911223', 796, 1, 2020, '', ''),
('200001102', '1011022334', 797, 1, 2020, '', ''),
('200001103', '2122133445', 798, 1, 2020, '', ''),
('200001104', '3233244556', 799, 1, 2020, '', ''),
('200001105', '4344355567', 800, 1, 2020, '', ''),
('200001106', '5455466778', 801, 1, 2020, '', ''),
('200001107', '6566577889', 802, 1, 2020, '', ''),
('200001108', '7677688900', 803, 1, 2020, '', ''),
('200001109', '8788799001', 804, 1, 2020, '', ''),
('200001110', '9899800112', 805, 1, 2020, '', ''),
('200001111', '0900911223', 806, 1, 2020, '', ''),
('200001112', '1011022334', 807, 1, 2020, '', ''),
('200001113', '2122133445', 808, 1, 2020, '', ''),
('200001114', '3233244556', 809, 1, 2020, '', ''),
('200001115', '4344355567', 810, 1, 2020, '', ''),
('200001116', '5455466778', 811, 1, 2020, '', ''),
('200001117', '6566577889', 812, 1, 2020, '', ''),
('200001118', '7677688900', 813, 1, 2020, '', ''),
('200001119', '8788799001', 814, 1, 2020, '', ''),
('200001120', '9899800112', 815, 1, 2020, '', ''),
('200001121', '0900911223', 816, 1, 2020, '', ''),
('200001122', '1011022334', 817, 1, 2020, '', ''),
('200001123', '2122133445', 818, 1, 2020, '', ''),
('200001124', '3233244556', 819, 1, 2020, '', ''),
('200001125', '4344355567', 820, 1, 2020, '', ''),
('200001126', '5455466778', 821, 1, 2020, '', ''),
('200001127', '6566577889', 822, 1, 2020, '', ''),
('200001128', '7677688900', 823, 1, 2020, '', ''),
('200001129', '8788799001', 824, 1, 2020, '', ''),
('200001130', '9899800112', 825, 1, 2020, '', ''),
('200001131', '0900911223', 826, 1, 2020, '', ''),
('200001132', '1011022334', 827, 1, 2020, '', ''),
('200001133', '2122133445', 828, 1, 2020, '', ''),
('200001134', '3233244556', 829, 1, 2020, '', ''),
('200001135', '4344355567', 830, 1, 2020, '', ''),
('200001136', '5455466778', 831, 1, 2020, '', ''),
('200001137', '6566577889', 832, 1, 2020, '', ''),
('200001138', '7677688900', 833, 1, 2020, '', ''),
('200001139', '8788799001', 834, 1, 2020, '', ''),
('200001140', '9899800112', 835, 1, 2020, '', ''),
('200001141', '0900911223', 836, 1, 2020, '', ''),
('200001142', '1011022334', 620, 1, 2020, '', ''),
('200001143', '2122133445', 838, 1, 2020, '', ''),
('200001144', '3233244556', 839, 1, 2020, '', ''),
('200001145', '4344355567', 840, 1, 2020, '', ''),
('200001146', '5455466778', 841, 1, 2020, '', ''),
('200001147', '6566577889', 842, 1, 2020, '', ''),
('200001148', '7677688900', 843, 1, 2020, '', ''),
('200001149', '8788799001', 844, 1, 2020, '', ''),
('200001150', '9899800112', 845, 1, 2020, '', ''),
('200001151', '0900911223', 846, 1, 2020, '', ''),
('200001152', '1011022334', 847, 1, 2020, '', ''),
('200001153', '2122133445', 848, 1, 2020, '', ''),
('200001154', '3233244556', 849, 1, 2020, '', ''),
('200001155', '4344355567', 850, 1, 2020, '', ''),
('200001156', '5455466778', 851, 1, 2020, '', ''),
('200001157', '6566577889', 852, 1, 2020, '', ''),
('200001158', '7677688900', 853, 1, 2020, '', ''),
('200001159', '8788799001', 854, 1, 2020, '', ''),
('200001160', '9899800112', 855, 1, 2020, '', ''),
('200001161', '0900911223', 856, 1, 2020, '', ''),
('200001162', '1011022334', 857, 1, 2020, '', ''),
('200001163', '2122133445', 858, 1, 2020, '', ''),
('200001164', '3233244556', 859, 1, 2020, '', ''),
('200001165', '4344355567', 860, 1, 2020, '', ''),
('200001166', '5455466778', 861, 1, 2020, '', ''),
('200001167', '6566577889', 862, 1, 2020, '', ''),
('200001168', '7677688900', 863, 1, 2020, '', ''),
('200001169', '8788799001', 569, 1, 2020, '', ''),
('200001170', '9899800112', 865, 1, 2020, '', ''),
('200001171', '0900911223', 571, 1, 2020, '', ''),
('200001172', '1011022334', 572, 1, 2020, '', ''),
('200001173', '2122133445', 868, 1, 2020, '', ''),
('200001174', '3233244556', 869, 1, 2020, '', ''),
('200001175', '4344355567', 575, 1, 2020, '', ''),
('200001176', '5455466778', 576, 1, 2020, '', ''),
('200001177', '6566577889', 577, 1, 2020, '', ''),
('200001178', '7677688900', 578, 1, 2020, '', ''),
('200001179', '8788799001', 579, 1, 2020, '', ''),
('200001180', '9899800112', 580, 1, 2020, '', ''),
('200001181', '0900911223', 581, 1, 2020, '', ''),
('200001182', '1011022334', 582, 1, 2020, '', ''),
('200001183', '2122133445', 583, 1, 2020, '', ''),
('200001184', '3233244556', 584, 1, 2020, '', ''),
('200001185', '4344355567', 585, 1, 2020, '', ''),
('200001186', '5455466778', 586, 1, 2020, '', ''),
('200001187', '6566577889', 587, 1, 2020, '', ''),
('200001188', '7677688900', 588, 1, 2020, '', ''),
('200001189', '8788799001', 589, 1, 2020, '', ''),
('200001190', '9899800112', 590, 1, 2020, '', ''),
('200001191', '0900911223', 591, 1, 2020, '', ''),
('200001192', '1011022334', 592, 1, 2020, '', ''),
('200001193', '2122133445', 593, 1, 2020, '', ''),
('200001194', '3233244556', 594, 1, 2020, '', ''),
('200001195', '4344355567', 595, 1, 2020, '', ''),
('200001196', '5455466778', 596, 1, 2020, '', ''),
('200001197', '6566577889', 597, 1, 2020, '', ''),
('200001198', '7677688900', 598, 1, 2020, '', ''),
('200001199', '8788799001', 599, 1, 2020, '', ''),
('200001200', '9899800112', 600, 1, 2020, '', ''),
('200001201', '0900911223', 601, 1, 2020, '', ''),
('200001202', '1011022334', 602, 1, 2020, '', ''),
('200001203', '2122133445', 603, 1, 2020, '', ''),
('200001204', '3233244556', 604, 1, 2020, '', ''),
('200001205', '4344355567', 605, 1, 2020, '', ''),
('200001206', '5455466778', 606, 1, 2020, '', ''),
('200001207', '6566577889', 607, 1, 2020, '', ''),
('200001208', '7677688900', 608, 1, 2020, '', ''),
('200001209', '8788799001', 609, 1, 2020, '', ''),
('200001210', '9899800112', 610, 1, 2020, '', ''),
('200002100', '1234567890', 352, 2, 2020, '', ''),
('200002101', '2345678901', 353, 2, 2020, '', ''),
('200002102', '3456789012', 354, 2, 2020, '', ''),
('200002103', '4567890123', 355, 2, 2020, '', ''),
('200002104', '5678901234', 278, 2, 2020, '', ''),
('200002105', '6789012345', 279, 2, 2020, '', ''),
('200002106', '7890123456', 358, 2, 2020, '', ''),
('200002107', '8901234567', 359, 2, 2020, '', ''),
('200002108', '9012345678', 360, 2, 2020, '', ''),
('200002109', '0123456789', 361, 2, 2020, '', ''),
('200002110', '1122334455', 362, 2, 2020, '', ''),
('200002111', '2233445566', 363, 2, 2020, '', ''),
('200002112', '3344556677', 364, 2, 2020, '', ''),
('200002113', '4455667788', 287, 2, 2020, '', ''),
('200002114', '5566778899', 288, 2, 2020, '', ''),
('200002115', '6677889900', 289, 2, 2020, '', ''),
('200002116', '7788990011', 290, 2, 2020, '', ''),
('200002117', '8899001122', 291, 2, 2020, '', ''),
('200002118', '9900112233', 292, 2, 2020, '', ''),
('200002119', '1011223344', 293, 2, 2020, '', ''),
('200002120', '2122233445', 294, 2, 2020, '', ''),
('200002121', '3233344556', 295, 2, 2020, '', ''),
('200002122', '4344455567', 296, 2, 2020, '', ''),
('200002123', '5455566778', 297, 2, 2020, '', ''),
('200002124', '6566677889', 298, 2, 2020, '', ''),
('200002125', '7677788900', 299, 2, 2020, '', ''),
('200002126', '8788899001', 378, 2, 2020, '', ''),
('200002127', '9899001122', 379, 2, 2020, '', ''),
('200002128', '0900112233', 302, 2, 2020, '', ''),
('200002129', '1011122334', 303, 2, 2020, '', ''),
('200002130', '2021223345', 304, 2, 2020, '', ''),
('200002131', '3132334456', 305, 2, 2020, '', ''),
('200002132', '4243445567', 306, 2, 2020, '', ''),
('200002133', '5354556678', 307, 2, 2020, '', ''),
('200002134', '6465667789', 308, 2, 2020, '', ''),
('200002135', '7576778890', 309, 2, 2020, '', ''),
('200002136', '8687889901', 310, 2, 2020, '', ''),
('200002137', '9798990012', 311, 2, 2020, '', ''),
('200002138', '0800911123', 312, 2, 2020, '', ''),
('200002139', '1911922334', 313, 2, 2020, '', ''),
('200002140', '2022023445', 314, 2, 2020, '', ''),
('200002141', '3133134456', 315, 2, 2020, '', ''),
('200002142', '4244245567', 316, 2, 2020, '', ''),
('200002143', '5355356678', 317, 2, 2020, '', ''),
('200002144', '6466467789', 318, 2, 2020, '', ''),
('200002145', '7577578890', 319, 2, 2020, '', ''),
('200002146', '8688689901', 320, 2, 2020, '', ''),
('200002147', '9799790012', 321, 2, 2020, '', ''),
('200002148', '0800801123', 322, 2, 2020, '', ''),
('200002149', '1911912334', 323, 2, 2020, '', ''),
('200002150', '2022023445', 324, 2, 2020, '', ''),
('200002151', '3133134456', 325, 2, 2020, '', ''),
('200002152', '4244245567', 326, 2, 2020, '', ''),
('200002153', '5355356678', 327, 2, 2020, '', ''),
('200002154', '6466467789', 328, 2, 2020, '', ''),
('200002155', '7577578890', 329, 2, 2020, '', ''),
('200002156', '8688689901', 330, 2, 2020, '', ''),
('200002157', '9799790012', 331, 2, 2020, '', ''),
('200002158', '0800801123', 332, 2, 2020, '', ''),
('200002159', '1911912334', 333, 2, 2020, '', ''),
('200002160', '2022023445', 334, 2, 2020, '', ''),
('200002161', '3133134456', 335, 2, 2020, '', ''),
('200002162', '4244245567', 336, 2, 2020, '', ''),
('200002163', '5355356678', 337, 2, 2020, '', ''),
('200002164', '6466467789', 338, 2, 2020, '', ''),
('200002165', '7577578890', 339, 2, 2020, '', ''),
('200002166', '8688689901', 340, 2, 2020, '', ''),
('200002167', '9799790012', 419, 2, 2020, '', ''),
('200002168', '0800801123', 342, 2, 2020, '', ''),
('200002169', '1911912334', 343, 2, 2020, '', ''),
('200002170', '2022023445', 344, 2, 2020, '', ''),
('200002171', '3133134456', 345, 2, 2020, '', ''),
('200002172', '4244245567', 346, 2, 2020, '', ''),
('200002173', '5355356678', 347, 2, 2020, '', ''),
('200002174', '6466467789', 348, 2, 2020, '', ''),
('200002175', '7577578890', 349, 2, 2020, '', ''),
('200002176', '8688689901', 350, 2, 2020, '', ''),
('200002177', '9799790012', 351, 2, 2020, '', ''),
('200002178', '0800801123', 430, 2, 2020, '', ''),
('200002179', '1911912334', 431, 2, 2020, '', ''),
('200002180', '2022023445', 432, 2, 2020, '', ''),
('200002181', '3133134456', 433, 2, 2020, '', ''),
('200002182', '4244245567', 434, 2, 2020, '', ''),
('200002183', '5355356678', 435, 2, 2020, '', ''),
('200002184', '6466467789', 436, 2, 2020, '', ''),
('200002185', '7577578890', 437, 2, 2020, '', ''),
('200002186', '8688689901', 438, 2, 2020, '', ''),
('200002187', '9799790012', 439, 2, 2020, '', ''),
('200002188', '0800801123', 440, 2, 2020, '', ''),
('200002189', '1911912334', 441, 2, 2020, '', ''),
('200002190', '2022023445', 442, 2, 2020, '', ''),
('200002191', '3133134456', 443, 2, 2020, '', ''),
('200002192', '4244245567', 444, 2, 2020, '', ''),
('200002193', '5355356678', 445, 2, 2020, '', ''),
('200002194', '6466467789', 446, 2, 2020, '', ''),
('200002195', '7577578890', 447, 2, 2020, '', ''),
('200002196', '8688689901', 448, 2, 2020, '', ''),
('200002197', '9799790012', 449, 2, 2020, '', ''),
('200002198', '0800801123', 450, 2, 2020, '', ''),
('200002199', '1911912334', 451, 2, 2020, '', ''),
('200002200', '2022023445', 452, 2, 2020, '', ''),
('200002201', '3133134456', 453, 2, 2020, '', ''),
('200002202', '4244245567', 454, 2, 2020, '', ''),
('200002203', '5355356678', 455, 2, 2020, '', ''),
('200002204', '6466467789', 456, 2, 2020, '', ''),
('200002205', '7577578890', 457, 2, 2020, '', ''),
('200002206', '8688689901', 458, 2, 2020, '', ''),
('200002207', '9799790012', 459, 2, 2020, '', ''),
('200002208', '0800801123', 460, 2, 2020, '', ''),
('200002209', '1911912334', 461, 2, 2020, '', ''),
('200002210', '2022023445', 462, 2, 2020, '', ''),
('200002211', '3133134456', 463, 2, 2020, '', ''),
('200002212', '4244245567', 464, 2, 2020, '', ''),
('200002213', '5355356678', 465, 2, 2020, '', ''),
('200002214', '6466467789', 466, 2, 2020, '', ''),
('200002215', '7577578890', 467, 2, 2020, '', ''),
('200002216', '8688689901', 468, 2, 2020, '', ''),
('200002217', '9799790012', 469, 2, 2020, '', ''),
('200002218', '0800801123', 470, 2, 2020, '', ''),
('200002219', '1911912334', 471, 2, 2020, '', ''),
('200002220', '2022023445', 472, 2, 2020, '', ''),
('200002221', '3133134456', 473, 2, 2020, '', ''),
('200002222', '4244245567', 318, 2, 2020, '', ''),
('200002223', '5355356678', 475, 2, 2020, '', ''),
('200002224', '6466467789', 476, 2, 2020, '', ''),
('200002225', '7577578890', 477, 2, 2020, '', ''),
('200002226', '8688689901', 478, 2, 2020, '', ''),
('200002227', '9799790012', 479, 2, 2020, '', ''),
('200002228', '0800801123', 480, 2, 2020, '', ''),
('200002229', '1911912334', 481, 2, 2020, '', ''),
('210001100', '8788799001', 795, 1, 2021, '', ''),
('210001101', '0900911223', 796, 1, 2021, '', ''),
('210001102', '1011022334', 797, 1, 2021, '', ''),
('210001103', '2122133445', 798, 1, 2021, '', ''),
('210001104', '3233244556', 799, 1, 2021, '', ''),
('210001105', '4344355567', 800, 1, 2021, '', ''),
('210001106', '5455466778', 801, 1, 2021, '', ''),
('210001107', '6566577889', 802, 1, 2021, '', ''),
('210001108', '7677688900', 803, 1, 2021, '', ''),
('210001109', '8788799001', 804, 1, 2021, '', ''),
('210001110', '9899800112', 805, 1, 2021, '', ''),
('210001111', '0900911223', 806, 1, 2021, '', ''),
('210001112', '1011022334', 807, 1, 2021, '', ''),
('210001113', '2122133445', 808, 1, 2021, '', ''),
('210001114', '3233244556', 809, 1, 2021, '', ''),
('210001115', '4344355567', 810, 1, 2021, '', ''),
('210001116', '5455466778', 811, 1, 2021, '', ''),
('210001117', '6566577889', 812, 1, 2021, '', ''),
('210001118', '7677688900', 813, 1, 2021, '', ''),
('210001119', '8788799001', 814, 1, 2021, '', ''),
('210001120', '9899800112', 815, 1, 2021, '', ''),
('210001121', '0900911223', 816, 1, 2021, '', ''),
('210001122', '1011022334', 817, 1, 2021, '', ''),
('210001123', '2122133445', 818, 1, 2021, '', ''),
('210001124', '3233244556', 819, 1, 2021, '', ''),
('210001125', '4344355567', 820, 1, 2021, '', ''),
('210001126', '5455466778', 821, 1, 2021, '', ''),
('210001127', '6566577889', 822, 1, 2021, '', ''),
('210001128', '7677688900', 823, 1, 2021, '', ''),
('210001129', '8788799001', 824, 1, 2021, '', ''),
('210001130', '9899800112', 825, 1, 2021, '', ''),
('210001131', '0900911223', 826, 1, 2021, '', ''),
('210001132', '1011022334', 827, 1, 2021, '', ''),
('210001133', '2122133445', 828, 1, 2021, '', ''),
('210001134', '3233244556', 829, 1, 2021, '', ''),
('210001135', '4344355567', 830, 1, 2021, '', ''),
('210001136', '5455466778', 831, 1, 2021, '', ''),
('210001137', '6566577889', 832, 1, 2021, '', ''),
('210001138', '7677688900', 833, 1, 2021, '', ''),
('210001139', '8788799001', 834, 1, 2021, '', ''),
('210001140', '9899800112', 835, 1, 2021, '', ''),
('210001141', '0900911223', 836, 1, 2021, '', ''),
('210001142', '1011022334', 620, 1, 2021, '', ''),
('210001143', '2122133445', 838, 1, 2021, '', ''),
('210001144', '3233244556', 839, 1, 2021, '', ''),
('210001145', '4344355567', 840, 1, 2021, '', ''),
('210001146', '5455466778', 841, 1, 2021, '', ''),
('210001147', '6566577889', 842, 1, 2021, '', ''),
('210001148', '7677688900', 843, 1, 2021, '', ''),
('210001149', '8788799001', 844, 1, 2021, '', ''),
('210001150', '9899800112', 845, 1, 2021, '', ''),
('210001151', '0900911223', 846, 1, 2021, '', ''),
('210001152', '1011022334', 847, 1, 2021, '', ''),
('210001153', '2122133445', 848, 1, 2021, '', ''),
('210001154', '3233244556', 849, 1, 2021, '', ''),
('210001155', '4344355567', 850, 1, 2021, '', ''),
('210001156', '5455466778', 851, 1, 2021, '', ''),
('210001157', '6566577889', 852, 1, 2021, '', ''),
('210001158', '7677688900', 853, 1, 2021, '', ''),
('210001159', '8788799001', 854, 1, 2021, '', ''),
('210001160', '9899800112', 855, 1, 2021, '', ''),
('210001161', '0900911223', 856, 1, 2021, '', ''),
('210001162', '1011022334', 857, 1, 2021, '', ''),
('210001163', '2122133445', 858, 1, 2021, '', ''),
('210001164', '3233244556', 859, 1, 2021, '', ''),
('210001165', '4344355567', 860, 1, 2021, '', ''),
('210001166', '5455466778', 861, 1, 2021, '', ''),
('210001167', '6566577889', 862, 1, 2021, '', ''),
('210001168', '7677688900', 863, 1, 2021, '', ''),
('210001169', '8788799001', 569, 1, 2021, '', ''),
('210001170', '9899800112', 865, 1, 2021, '', ''),
('210001171', '0900911223', 571, 1, 2021, '', ''),
('210001172', '1011022334', 572, 1, 2021, '', ''),
('210001173', '2122133445', 868, 1, 2021, '', ''),
('210001174', '3233244556', 869, 1, 2021, '', ''),
('210001175', '4344355567', 575, 1, 2021, '', ''),
('210001176', '5455466778', 576, 1, 2021, '', ''),
('210001177', '6566577889', 577, 1, 2021, '', ''),
('210001178', '7677688900', 578, 1, 2021, '', ''),
('210001179', '8788799001', 579, 1, 2021, '', ''),
('210001180', '9899800112', 580, 1, 2021, '', ''),
('210001181', '0900911223', 581, 1, 2021, '', ''),
('210001182', '1011022334', 582, 1, 2021, '', ''),
('210001183', '2122133445', 583, 1, 2021, '', ''),
('210001184', '3233244556', 584, 1, 2021, '', ''),
('210001185', '4344355567', 585, 1, 2021, '', ''),
('210001186', '5455466778', 586, 1, 2021, '', ''),
('210001187', '6566577889', 587, 1, 2021, '', ''),
('210001188', '7677688900', 588, 1, 2021, '', ''),
('210001189', '8788799001', 589, 1, 2021, '', ''),
('210001190', '9899800112', 590, 1, 2021, '', ''),
('210001191', '0900911223', 591, 1, 2021, '', ''),
('210001192', '1011022334', 592, 1, 2021, '', ''),
('210001193', '2122133445', 593, 1, 2021, '', ''),
('210001194', '3233244556', 594, 1, 2021, '', ''),
('210001195', '4344355567', 595, 1, 2021, '', ''),
('210001196', '5455466778', 596, 1, 2021, '', ''),
('210002100', '1234567890', 482, 2, 2021, '', ''),
('210002101', '2345678901', 483, 2, 2021, '', ''),
('210002102', '3456789012', 484, 2, 2021, '', ''),
('210002103', '4567890123', 485, 2, 2021, '', ''),
('210002104', '5678901234', 486, 2, 2021, '', ''),
('210002105', '6789012345', 487, 2, 2021, '', ''),
('210002106', '7890123456', 488, 2, 2021, '', ''),
('210002107', '8901234567', 489, 2, 2021, '', ''),
('210002108', '9012345678', 490, 2, 2021, '', ''),
('210002109', '0123456789', 491, 2, 2021, '', ''),
('210002110', '1122334455', 492, 2, 2021, '', ''),
('210002111', '2233445566', 493, 2, 2021, '', ''),
('210002112', '3344556677', 494, 2, 2021, '', ''),
('210002113', '4455667788', 495, 2, 2021, '', ''),
('210002114', '5566778899', 496, 2, 2021, '', ''),
('210002115', '6677889900', 497, 2, 2021, '', ''),
('210002116', '7788990011', 498, 2, 2021, '', ''),
('210002117', '8899001122', 499, 2, 2021, '', ''),
('210002118', '9900112233', 500, 2, 2021, '', ''),
('210002119', '1011223344', 501, 2, 2021, '', ''),
('210002120', '2122233445', 502, 2, 2021, '', ''),
('210002121', '3233344556', 503, 2, 2021, '', ''),
('210002122', '4344455567', 504, 2, 2021, '', ''),
('210002123', '5455566778', 505, 2, 2021, '', ''),
('210002124', '6566677889', 506, 2, 2021, '', ''),
('210002125', '7677788900', 507, 2, 2021, '', ''),
('210002126', '8788899001', 508, 2, 2021, '', ''),
('210002127', '9899001122', 509, 2, 2021, '', ''),
('210002128', '0900112233', 510, 2, 2021, '', ''),
('210002129', '1011122334', 511, 2, 2021, '', ''),
('210002130', '2021223345', 512, 2, 2021, '', ''),
('210002131', '3132334456', 513, 2, 2021, '', ''),
('210002132', '4243445567', 514, 2, 2021, '', ''),
('210002133', '5354556678', 515, 2, 2021, '', ''),
('210002134', '6465667789', 516, 2, 2021, '', ''),
('210002135', '7576778890', 517, 2, 2021, '', ''),
('210002136', '8687889901', 518, 2, 2021, '', ''),
('210002137', '9798990012', 519, 2, 2021, '', ''),
('210002138', '0800911123', 520, 2, 2021, '', ''),
('210002139', '1911922334', 521, 2, 2021, '', ''),
('210002140', '2022023445', 522, 2, 2021, '', ''),
('210002141', '3133134456', 523, 2, 2021, '', ''),
('210002142', '4244245567', 524, 2, 2021, '', ''),
('210002143', '5355356678', 525, 2, 2021, '', ''),
('210002144', '6466467789', 526, 2, 2021, '', ''),
('210002145', '7577578890', 527, 2, 2021, '', ''),
('210002146', '8688689901', 528, 2, 2021, '', ''),
('210002147', '9799790012', 529, 2, 2021, '', ''),
('210002148', '0800801123', 530, 2, 2021, '', ''),
('210002149', '1911912334', 531, 2, 2021, '', ''),
('210002150', '2022023445', 532, 2, 2021, '', ''),
('210002151', '3133134456', 533, 2, 2021, '', ''),
('210002152', '4244245567', 534, 2, 2021, '', ''),
('210002153', '5355356678', 535, 2, 2021, '', ''),
('210002154', '6466467789', 536, 2, 2021, '', ''),
('210002155', '7577578890', 537, 2, 2021, '', ''),
('210002156', '8688689901', 538, 2, 2021, '', ''),
('210002157', '9799790012', 539, 2, 2021, '', ''),
('210002158', '0800801123', 540, 2, 2021, '', ''),
('210002159', '1911912334', 541, 2, 2021, '', ''),
('210002160', '2022023445', 542, 2, 2021, '', ''),
('210002161', '3133134456', 543, 2, 2021, '', ''),
('210002162', '4244245567', 544, 2, 2021, '', ''),
('210002163', '5355356678', 545, 2, 2021, '', ''),
('210002164', '6466467789', 546, 2, 2021, '', ''),
('210002165', '7577578890', 547, 2, 2021, '', ''),
('210002166', '8688689901', 548, 2, 2021, '', ''),
('210002167', '9799790012', 549, 2, 2021, '', ''),
('210002168', '0800801123', 550, 2, 2021, '', ''),
('210002169', '1911912334', 551, 2, 2021, '', ''),
('210002170', '2022023445', 552, 2, 2021, '', ''),
('210002171', '3133134456', 553, 2, 2021, '', ''),
('210002172', '4244245567', 554, 2, 2021, '', ''),
('210002173', '5355356678', 555, 2, 2021, '', ''),
('210002174', '6466467789', 556, 2, 2021, '', ''),
('210002175', '7577578890', 557, 2, 2021, '', ''),
('210002176', '8688689901', 558, 2, 2021, '', ''),
('210002177', '9799790012', 559, 2, 2021, '', ''),
('220001100', '8788799001', 795, 1, 2022, '', ''),
('220001101', '0900911223', 796, 1, 2022, '', ''),
('220001102', '1011022334', 797, 1, 2022, '', ''),
('220001103', '2122133445', 798, 1, 2022, '', ''),
('220001104', '3233244556', 799, 1, 2022, '', ''),
('220001105', '4344355567', 800, 1, 2022, '', ''),
('220001106', '5455466778', 801, 1, 2022, '', ''),
('220001107', '6566577889', 802, 1, 2022, '', ''),
('220001108', '7677688900', 803, 1, 2022, '', ''),
('220001109', '8788799001', 804, 1, 2022, '', ''),
('220001110', '9899800112', 805, 1, 2022, '', ''),
('220001111', '0900911223', 806, 1, 2022, '', ''),
('220001112', '1011022334', 807, 1, 2022, '', ''),
('220001113', '2122133445', 808, 1, 2022, '', ''),
('220001114', '3233244556', 809, 1, 2022, '', ''),
('220001115', '4344355567', 810, 1, 2022, '', ''),
('220001116', '5455466778', 811, 1, 2022, '', ''),
('220001117', '6566577889', 812, 1, 2022, '', ''),
('220001118', '7677688900', 813, 1, 2022, '', ''),
('220001119', '8788799001', 814, 1, 2022, '', ''),
('220001120', '9899800112', 815, 1, 2022, '', ''),
('220001121', '0900911223', 816, 1, 2022, '', ''),
('220001122', '1011022334', 817, 1, 2022, '', ''),
('220001123', '2122133445', 818, 1, 2022, '', ''),
('220001124', '3233244556', 819, 1, 2022, '', ''),
('220001125', '4344355567', 820, 1, 2022, '', ''),
('220001126', '5455466778', 821, 1, 2022, '', ''),
('220001127', '6566577889', 822, 1, 2022, '', ''),
('220001128', '7677688900', 823, 1, 2022, '', ''),
('220001129', '8788799001', 824, 1, 2022, '', ''),
('220001130', '9899800112', 825, 1, 2022, '', ''),
('220001131', '0900911223', 826, 1, 2022, '', ''),
('220001132', '1011022334', 827, 1, 2022, '', ''),
('220001133', '2122133445', 828, 1, 2022, '', ''),
('220001134', '3233244556', 829, 1, 2022, '', ''),
('220001135', '4344355567', 830, 1, 2022, '', ''),
('220001136', '5455466778', 831, 1, 2022, '', ''),
('220001137', '6566577889', 832, 1, 2022, '', ''),
('220001138', '7677688900', 833, 1, 2022, '', ''),
('220001139', '8788799001', 834, 1, 2022, '', ''),
('220001140', '9899800112', 835, 1, 2022, '', ''),
('220001141', '0900911223', 836, 1, 2022, '', ''),
('220001142', '1011022334', 620, 1, 2022, '', ''),
('220001143', '2122133445', 838, 1, 2022, '', ''),
('220001144', '3233244556', 839, 1, 2022, '', ''),
('220001145', '4344355567', 840, 1, 2022, '', ''),
('220001146', '5455466778', 841, 1, 2022, '', ''),
('220001147', '6566577889', 842, 1, 2022, '', ''),
('220001148', '7677688900', 843, 1, 2022, '', ''),
('220001149', '8788799001', 844, 1, 2022, '', ''),
('220001150', '9899800112', 845, 1, 2022, '', ''),
('220001151', '0900911223', 846, 1, 2022, '', ''),
('220001152', '1011022334', 847, 1, 2022, '', ''),
('220001153', '2122133445', 848, 1, 2022, '', ''),
('220001154', '3233244556', 849, 1, 2022, '', ''),
('220001155', '4344355567', 850, 1, 2022, '', ''),
('220001156', '5455466778', 851, 1, 2022, '', ''),
('220001157', '6566577889', 852, 1, 2022, '', ''),
('220001158', '7677688900', 853, 1, 2022, '', ''),
('220001159', '8788799001', 854, 1, 2022, '', ''),
('220001160', '9899800112', 855, 1, 2022, '', ''),
('220001161', '0900911223', 856, 1, 2022, '', ''),
('220001162', '1011022334', 857, 1, 2022, '', ''),
('220001163', '2122133445', 858, 1, 2022, '', ''),
('220001164', '3233244556', 859, 1, 2022, '', ''),
('220001165', '4344355567', 860, 1, 2022, '', ''),
('220001166', '5455466778', 861, 1, 2022, '', ''),
('220001167', '6566577889', 862, 1, 2022, '', ''),
('220001168', '7677688900', 863, 1, 2022, '', ''),
('220001169', '8788799001', 569, 1, 2022, '', ''),
('220001170', '9899800112', 865, 1, 2022, '', ''),
('220001171', '0900911223', 571, 1, 2022, '', ''),
('220001172', '1011022334', 572, 1, 2022, '', ''),
('220001173', '2122133445', 868, 1, 2022, '', ''),
('220001174', '3233244556', 869, 1, 2022, '', ''),
('220001175', '4344355567', 575, 1, 2022, '', ''),
('220001176', '5455466778', 576, 1, 2022, '', ''),
('220001177', '6566577889', 577, 1, 2022, '', ''),
('220001178', '7677688900', 578, 1, 2022, '', ''),
('220001179', '8788799001', 579, 1, 2022, '', ''),
('220001180', '9899800112', 580, 1, 2022, '', ''),
('220001181', '0900911223', 581, 1, 2022, '', ''),
('220001182', '1011022334', 582, 1, 2022, '', ''),
('220001183', '2122133445', 583, 1, 2022, '', ''),
('220001184', '3233244556', 584, 1, 2022, '', ''),
('220001185', '4344355567', 585, 1, 2022, '', ''),
('220001186', '5455466778', 586, 1, 2022, '', ''),
('220001187', '6566577889', 587, 1, 2022, '', ''),
('220001188', '7677688900', 588, 1, 2022, '', ''),
('220001189', '8788799001', 589, 1, 2022, '', ''),
('220001190', '9899800112', 590, 1, 2022, '', ''),
('220001191', '0900911223', 591, 1, 2022, '', ''),
('220001192', '1011022334', 592, 1, 2022, '', ''),
('220001193', '2122133445', 593, 1, 2022, '', ''),
('220001194', '3233244556', 594, 1, 2022, '', ''),
('220001195', '4344355567', 595, 1, 2022, '', ''),
('220001196', '5455466778', 596, 1, 2022, '', ''),
('220001197', '6566577889', 597, 1, 2022, '', ''),
('220002100', '0900911123', 560, 2, 2022, '', ''),
('220002101', '1011022334', 561, 2, 2022, '', ''),
('220002102', '2122133445', 562, 2, 2022, '', ''),
('220002103', '3233244556', 563, 2, 2022, '', ''),
('220002104', '4344355567', 564, 2, 2022, '', ''),
('220002105', '5455466778', 565, 2, 2022, '', ''),
('220002106', '6566577889', 566, 2, 2022, '', ''),
('220002107', '7677688900', 567, 2, 2022, '', ''),
('220002108', '8788799001', 568, 2, 2022, '', ''),
('220002109', '9899800112', 569, 2, 2022, '', ''),
('220002110', '0900911223', 570, 2, 2022, '', ''),
('220002111', '1011022334', 571, 2, 2022, '', ''),
('220002112', '2122133445', 572, 2, 2022, '', ''),
('220002113', '3233244556', 573, 2, 2022, '', ''),
('220002114', '4344355567', 574, 2, 2022, '', ''),
('220002115', '5455466778', 575, 2, 2022, '', ''),
('220002116', '6566577889', 576, 2, 2022, '', ''),
('220002117', '7677688900', 577, 2, 2022, '', ''),
('220002118', '8788799001', 578, 2, 2022, '', ''),
('220002119', '9899800112', 579, 2, 2022, '', ''),
('220002120', '0900911223', 580, 2, 2022, '', ''),
('220002121', '1011022334', 581, 2, 2022, '', ''),
('220002122', '2122133445', 582, 2, 2022, '', ''),
('220002123', '3233244556', 583, 2, 2022, '', ''),
('220002124', '4344355567', 584, 2, 2022, '', ''),
('220002125', '5455466778', 585, 2, 2022, '', ''),
('220002126', '6566577889', 586, 2, 2022, '', ''),
('220002127', '7677688900', 587, 2, 2022, '', ''),
('220002128', '8788799001', 588, 2, 2022, '', ''),
('220002129', '9899800112', 589, 2, 2022, '', ''),
('220002130', '0900911223', 590, 2, 2022, '', ''),
('220002131', '1011022334', 591, 2, 2022, '', ''),
('220002132', '2122133445', 592, 2, 2022, '', ''),
('220002133', '3233244556', 593, 2, 2022, '', ''),
('220002134', '4344355567', 594, 2, 2022, '', ''),
('220002135', '5455466778', 595, 2, 2022, '', ''),
('220002136', '6566577889', 596, 2, 2022, '', ''),
('220002137', '7677688900', 597, 2, 2022, '', ''),
('220002138', '8788799001', 598, 2, 2022, '', ''),
('220002139', '9899800112', 599, 2, 2022, '', ''),
('220002140', '0900911223', 600, 2, 2022, '', ''),
('220002141', '1011022334', 601, 2, 2022, '', ''),
('220002142', '2122133445', 602, 2, 2022, '', ''),
('220002143', '3233244556', 603, 2, 2022, '', ''),
('220002144', '4344355567', 604, 2, 2022, '', ''),
('220002145', '5455466778', 605, 2, 2022, '', ''),
('220002146', '6566577889', 606, 2, 2022, '', ''),
('220002147', '7677688900', 607, 2, 2022, '', ''),
('220002148', '8788799001', 608, 2, 2022, '', ''),
('220002149', '9899800112', 609, 2, 2022, '', ''),
('220002150', '0900911223', 610, 2, 2022, '', ''),
('220002151', '1011022334', 611, 2, 2022, '', ''),
('220002152', '2122133445', 612, 2, 2022, '', ''),
('220002153', '3233244556', 613, 2, 2022, '', ''),
('220002154', '4344355567', 614, 2, 2022, '', ''),
('220002155', '5455466778', 615, 2, 2022, '', ''),
('220002156', '6566577889', 616, 2, 2022, '', ''),
('220002157', '7677688900', 617, 2, 2022, '', ''),
('220002158', '8788799001', 618, 2, 2022, '', ''),
('220002159', '9899800112', 619, 2, 2022, '', ''),
('220002160', '0900911223', 620, 2, 2022, '', ''),
('220002161', '1011022334', 621, 2, 2022, '', ''),
('220002162', '2122133445', 622, 2, 2022, '', ''),
('220002163', '3233244556', 623, 2, 2022, '', ''),
('220002164', '4344355567', 624, 2, 2022, '', ''),
('220002165', '5455466778', 625, 2, 2022, '', ''),
('220002166', '6566577889', 626, 2, 2022, '', ''),
('220002167', '7677688900', 627, 2, 2022, '', ''),
('220002168', '8788799001', 628, 2, 2022, '', ''),
('220002169', '9899800112', 629, 2, 2022, '', ''),
('220002170', '0900911223', 630, 2, 2022, '', ''),
('220002171', '1011022334', 631, 2, 2022, '', ''),
('220002172', '2122133445', 632, 2, 2022, '', ''),
('220002173', '3233244556', 633, 2, 2022, '', ''),
('220002174', '4344355567', 634, 2, 2022, '', ''),
('220002175', '5455466778', 635, 2, 2022, '', ''),
('220002176', '6566577889', 636, 2, 2022, '', ''),
('220002177', '7677688900', 637, 2, 2022, '', ''),
('220002178', '8788799001', 638, 2, 2022, '', ''),
('220002179', '9899800112', 639, 2, 2022, '', ''),
('220002180', '0900911223', 640, 2, 2022, '', ''),
('220002181', '1011022334', 641, 2, 2022, '', ''),
('220002182', '2122133445', 642, 2, 2022, '', ''),
('220002183', '3233244556', 643, 2, 2022, '', ''),
('220002184', '4344355567', 644, 2, 2022, '', ''),
('220002185', '5455466778', 645, 2, 2022, '', ''),
('220002186', '6566577889', 646, 2, 2022, '', ''),
('220002187', '7677688900', 647, 2, 2022, '', ''),
('220002188', '8788799001', 648, 2, 2022, '', ''),
('220002189', '9899800112', 649, 2, 2022, '', ''),
('220002190', '0900911223', 650, 2, 2022, '', ''),
('220002191', '1011022334', 651, 2, 2022, '', ''),
('220002192', '2122133445', 652, 2, 2022, '', ''),
('220002193', '3233244556', 653, 2, 2022, '', ''),
('220002194', '4344355567', 654, 2, 2022, '', ''),
('220002195', '5455466778', 655, 2, 2022, '', ''),
('220002196', '6566577889', 656, 2, 2022, '', ''),
('220002197', '7677688900', 657, 2, 2022, '', ''),
('220002198', '8788799001', 658, 2, 2022, '', ''),
('220002199', '9899800112', 659, 2, 2022, '', ''),
('220002200', '0900911223', 660, 2, 2022, '', ''),
('220002201', '1011022334', 661, 2, 2022, '', ''),
('220002202', '2122133445', 662, 2, 2022, '', ''),
('220002203', '3233244556', 663, 2, 2022, '', ''),
('220002204', '4344355567', 664, 2, 2022, '', ''),
('220002205', '5455466778', 665, 2, 2022, '', ''),
('220002206', '6566577889', 666, 2, 2022, '', ''),
('220002207', '7677688900', 667, 2, 2022, '', ''),
('220002208', '8788799001', 668, 2, 2022, '', ''),
('220002209', '9899800112', 669, 2, 2022, '', ''),
('220002210', '0900911223', 670, 2, 2022, '', ''),
('220002211', '1011022334', 671, 2, 2022, '', ''),
('220002212', '2122133445', 672, 2, 2022, '', ''),
('220002213', '3233244556', 673, 2, 2022, '', ''),
('220002214', '4344355567', 674, 2, 2022, '', ''),
('220002215', '5455466778', 675, 2, 2022, '', ''),
('220002216', '6566577889', 676, 2, 2022, '', ''),
('220002217', '7677688900', 677, 2, 2022, '', ''),
('220002218', '8788799001', 678, 2, 2022, '', ''),
('220002219', '9899800112', 679, 2, 2022, '', ''),
('220002220', '0900911223', 680, 2, 2022, '', ''),
('220002221', '1011022334', 681, 2, 2022, '', ''),
('220002222', '2122133445', 682, 2, 2022, '', ''),
('220002223', '3233244556', 683, 2, 2022, '', ''),
('220002224', '4344355567', 684, 2, 2022, '', ''),
('220002225', '5455466778', 685, 2, 2022, '', ''),
('220002226', '6566577889', 686, 2, 2022, '', ''),
('220002227', '7677688900', 687, 2, 2022, '', ''),
('220002228', '8788799001', 688, 2, 2022, '', ''),
('220002229', '9899800112', 689, 2, 2022, '', ''),
('220002230', '0900911223', 690, 2, 2022, '', ''),
('220002231', '1011022334', 691, 2, 2022, '', ''),
('220002232', '2122133445', 692, 2, 2022, '', ''),
('220002233', '3233244556', 693, 2, 2022, '', ''),
('230001100', '8788799001', 793, 1, 2023, '', ''),
('230001101', '9899800112', 795, 1, 2023, '', ''),
('230001102', '0900911223', 796, 1, 2023, '', ''),
('230001103', '1011022334', 797, 1, 2023, '', ''),
('230001104', '2122133445', 798, 1, 2023, '', ''),
('230001105', '3233244556', 799, 1, 2023, '', ''),
('230001106', '4344355567', 800, 1, 2023, '', ''),
('230001107', '5455466778', 801, 1, 2023, '', ''),
('230001108', '6566577889', 802, 1, 2023, '', ''),
('230001109', '7677688900', 803, 1, 2023, '', ''),
('230001110', '8788799001', 804, 1, 2023, '', ''),
('230001111', '9899800112', 805, 1, 2023, '', ''),
('230001112', '0900911223', 806, 1, 2023, '', ''),
('230001113', '1011022334', 807, 1, 2023, '', ''),
('230001114', '2122133445', 808, 1, 2023, '', ''),
('230001115', '3233244556', 809, 1, 2023, '', ''),
('230001116', '4344355567', 810, 1, 2023, '', ''),
('230001117', '5455466778', 811, 1, 2023, '', ''),
('230001118', '6566577889', 812, 1, 2023, '', ''),
('230001119', '7677688900', 813, 1, 2023, '', ''),
('230001120', '8788799001', 814, 1, 2023, '', ''),
('230001121', '9899800112', 815, 1, 2023, '', ''),
('230001122', '0900911223', 816, 1, 2023, '', ''),
('230001123', '1011022334', 817, 1, 2023, '', ''),
('230001124', '2122133445', 818, 1, 2023, '', ''),
('230001125', '3233244556', 819, 1, 2023, '', ''),
('230001126', '4344355567', 820, 1, 2023, '', ''),
('230001127', '5455466778', 821, 1, 2023, '', ''),
('230001128', '6566577889', 822, 1, 2023, '', ''),
('230001129', '7677688900', 823, 1, 2023, '', ''),
('230001130', '8788799001', 824, 1, 2023, '', ''),
('230001131', '9899800112', 825, 1, 2023, '', ''),
('230001132', '0900911223', 826, 1, 2023, '', ''),
('230001133', '1011022334', 827, 1, 2023, '', ''),
('230001134', '2122133445', 828, 1, 2023, '', ''),
('230001135', '3233244556', 829, 1, 2023, '', ''),
('230001136', '4344355567', 830, 1, 2023, '', ''),
('230001137', '5455466778', 831, 1, 2023, '', ''),
('230001138', '6566577889', 832, 1, 2023, '', ''),
('230001139', '7677688900', 833, 1, 2023, '', ''),
('230001140', '8788799001', 834, 1, 2023, '', ''),
('230001141', '9899800112', 835, 1, 2023, '', ''),
('230001142', '0900911223', 836, 1, 2023, '', ''),
('230001143', '1011022334', 620, 1, 2023, '', ''),
('230001144', '2122133445', 838, 1, 2023, '', ''),
('230001145', '3233244556', 839, 1, 2023, '', ''),
('230001146', '4344355567', 840, 1, 2023, '', ''),
('230001147', '5455466778', 841, 1, 2023, '', ''),
('230001148', '6566577889', 842, 1, 2023, '', ''),
('230001149', '7677688900', 843, 1, 2023, '', ''),
('230001150', '8788799001', 844, 1, 2023, '', ''),
('230001151', '9899800112', 845, 1, 2023, '', ''),
('230001152', '0900911223', 846, 1, 2023, '', ''),
('230001153', '1011022334', 847, 1, 2023, '', ''),
('230001154', '2122133445', 848, 1, 2023, '', ''),
('230001155', '3233244556', 849, 1, 2023, '', ''),
('230001156', '4344355567', 850, 1, 2023, '', ''),
('230001157', '5455466778', 851, 1, 2023, '', ''),
('230001158', '6566577889', 852, 1, 2023, '', ''),
('230001159', '7677688900', 853, 1, 2023, '', ''),
('230001160', '8788799001', 854, 1, 2023, '', ''),
('230001161', '9899800112', 855, 1, 2023, '', ''),
('230001162', '0900911223', 856, 1, 2023, '', ''),
('230001163', '1011022334', 857, 1, 2023, '', ''),
('230001164', '2122133445', 858, 1, 2023, '', ''),
('230001165', '3233244556', 859, 1, 2023, '', ''),
('230001166', '4344355567', 860, 1, 2023, '', ''),
('230001167', '5455466778', 861, 1, 2023, '', ''),
('230001168', '6566577889', 862, 1, 2023, '', ''),
('230001169', '7677688900', 863, 1, 2023, '', ''),
('230001170', '8788799001', 569, 1, 2023, '', ''),
('230001171', '9899800112', 865, 1, 2023, '', ''),
('230001172', '0900911223', 571, 1, 2023, '', ''),
('230001173', '1011022334', 572, 1, 2023, '', ''),
('230001174', '2122133445', 868, 1, 2023, '', ''),
('230001175', '3233244556', 869, 1, 2023, '', ''),
('230001176', '4344355567', 575, 1, 2023, '', ''),
('230001177', '5455466778', 576, 1, 2023, '', ''),
('230001178', '6566577889', 577, 1, 2023, '', ''),
('230001179', '7677688900', 578, 1, 2023, '', ''),
('230001180', '8788799001', 579, 1, 2023, '', ''),
('230001181', '9899800112', 580, 1, 2023, '', ''),
('230001182', '0900911223', 581, 1, 2023, '', ''),
('230001183', '1011022334', 582, 1, 2023, '', ''),
('230001184', '2122133445', 583, 1, 2023, '', ''),
('230001185', '3233244556', 584, 1, 2023, '', ''),
('230001186', '4344355567', 585, 1, 2023, '', ''),
('230001187', '5455466778', 586, 1, 2023, '', ''),
('230001188', '6566577889', 587, 1, 2023, '', ''),
('230001189', '7677688900', 588, 1, 2023, '', ''),
('230001190', '8788799001', 589, 1, 2023, '', ''),
('230001191', '9899800112', 590, 1, 2023, '', ''),
('230001192', '0900911223', 591, 1, 2023, '', ''),
('230001193', '1011022334', 592, 1, 2023, '', ''),
('230001194', '2122133445', 593, 1, 2023, '', ''),
('230001195', '3233244556', 594, 1, 2023, '', ''),
('230001196', '4344355567', 595, 1, 2023, '', ''),
('230001197', '5455466778', 596, 1, 2023, '', ''),
('230001198', '6566577889', 597, 1, 2023, '', ''),
('230001199', '7677688900', 598, 1, 2023, '', ''),
('230001200', '8788799001', 599, 1, 2023, '', ''),
('230001201', '9899800112', 600, 1, 2023, '', ''),
('230001202', '0900911223', 601, 1, 2023, '', ''),
('230001203', '1011022334', 602, 1, 2023, '', ''),
('230001204', '2122133445', 603, 1, 2023, '', ''),
('230001205', '3233244556', 604, 1, 2023, '', ''),
('230001206', '4344355567', 605, 1, 2023, '', ''),
('230001207', '5455466778', 606, 1, 2023, '', ''),
('230001208', '6566577889', 607, 1, 2023, '', ''),
('230001209', '7677688900', 608, 1, 2023, '', ''),
('230001210', '8788799001', 609, 1, 2023, '', ''),
('230001211', '9899800112', 610, 1, 2023, '', ''),
('230001212', '0900911223', 611, 1, 2023, '', ''),
('230001213', '1011022334', 612, 1, 2023, '', ''),
('230001214', '2122133445', 613, 1, 2023, '', ''),
('230001215', '3233244556', 614, 1, 2023, '', ''),
('230001216', '4344355567', 615, 1, 2023, '', ''),
('230001217', '5455466778', 616, 1, 2023, '', ''),
('230001218', '6566577889', 617, 1, 2023, '', ''),
('230001219', '7677688900', 618, 1, 2023, '', ''),
('230001220', '8788799001', 619, 1, 2023, '', ''),
('230001221', '9899800112', 915, 1, 2023, '', ''),
('230001222', '0900911223', 916, 1, 2023, '', ''),
('230001223', '1011022334', 917, 1, 2023, '', ''),
('230001224', '2122133445', 918, 1, 2023, '', ''),
('230001225', '3233244556', 919, 1, 2023, '', ''),
('230001226', '4344355567', 920, 1, 2023, '', ''),
('230001227', '5455466778', 921, 1, 2023, '', ''),
('230001228', '6566577889', 922, 1, 2023, '', ''),
('230001229', '7677688900', 923, 1, 2023, '', ''),
('230002100', '4344355567', 694, 2, 2023, '', ''),
('230002101', '5455466778', 695, 2, 2023, '', ''),
('230002102', '6566577889', 696, 2, 2023, '', ''),
('230002103', '7677688900', 697, 2, 2023, '', ''),
('230002104', '8788799001', 698, 2, 2023, '', ''),
('230002105', '9899800112', 699, 2, 2023, '', ''),
('230002106', '0900911223', 700, 2, 2023, '', ''),
('230002107', '1011022334', 701, 2, 2023, '', ''),
('230002108', '2122133445', 702, 2, 2023, '', ''),
('230002109', '3233244556', 703, 2, 2023, '', ''),
('230002110', '4344355567', 704, 2, 2023, '', ''),
('230002111', '5455466778', 705, 2, 2023, '', ''),
('230002112', '6566577889', 706, 2, 2023, '', ''),
('230002113', '7677688900', 707, 2, 2023, '', ''),
('230002114', '8788799001', 708, 2, 2023, '', ''),
('230002115', '9899800112', 709, 2, 2023, '', ''),
('230002116', '0900911223', 710, 2, 2023, '', ''),
('230002117', '1011022334', 711, 2, 2023, '', ''),
('230002118', '2122133445', 712, 2, 2023, '', ''),
('230002119', '3233244556', 713, 2, 2023, '', ''),
('230002120', '4344355567', 714, 2, 2023, '', ''),
('230002121', '5455466778', 715, 2, 2023, '', ''),
('230002122', '6566577889', 716, 2, 2023, '', ''),
('230002123', '7677688900', 717, 2, 2023, '', ''),
('230002124', '8788799001', 718, 2, 2023, '', ''),
('230002125', '9899800112', 719, 2, 2023, '', ''),
('230002126', '0900911223', 720, 2, 2023, '', ''),
('230002127', '1011022334', 721, 2, 2023, '', ''),
('230002128', '2122133445', 722, 2, 2023, '', ''),
('230002129', '3233244556', 723, 2, 2023, '', ''),
('230002130', '4344355567', 724, 2, 2023, '', ''),
('230002131', '5455466778', 725, 2, 2023, '', ''),
('230002132', '6566577889', 726, 2, 2023, '', ''),
('230002133', '7677688900', 727, 2, 2023, '', ''),
('230002134', '8788799001', 728, 2, 2023, '', ''),
('230002135', '9899800112', 729, 2, 2023, '', ''),
('230002136', '0900911223', 730, 2, 2023, '', ''),
('230002137', '1011022334', 731, 2, 2023, '', ''),
('230002138', '2122133445', 732, 2, 2023, '', ''),
('230002139', '3233244556', 733, 2, 2023, '', ''),
('230002140', '4344355567', 734, 2, 2023, '', ''),
('230002141', '5455466778', 735, 2, 2023, '', ''),
('230002142', '6566577889', 736, 2, 2023, '', ''),
('230002143', '7677688900', 737, 2, 2023, '', ''),
('230002144', '8788799001', 738, 2, 2023, '', ''),
('230002145', '9899800112', 739, 2, 2023, '', ''),
('230002146', '0900911223', 740, 2, 2023, '', ''),
('230002147', '1011022334', 741, 2, 2023, '', ''),
('230002148', '2122133445', 742, 2, 2023, '', ''),
('230002149', '3233244556', 743, 2, 2023, '', ''),
('230002150', '4344355567', 744, 2, 2023, '', ''),
('230002151', '5455466778', 745, 2, 2023, '', ''),
('230002152', '6566577889', 746, 2, 2023, '', ''),
('230002153', '7677688900', 747, 2, 2023, '', ''),
('230002154', '8788799001', 748, 2, 2023, '', ''),
('230002155', '9899800112', 749, 2, 2023, '', ''),
('230002156', '0900911223', 750, 2, 2023, '', ''),
('230002157', '1011022334', 751, 2, 2023, '', ''),
('230002158', '2122133445', 752, 2, 2023, '', ''),
('230002159', '3233244556', 753, 2, 2023, '', ''),
('230002160', '4344355567', 754, 2, 2023, '', ''),
('230002161', '5455466778', 755, 2, 2023, '', ''),
('230002162', '6566577889', 756, 2, 2023, '', ''),
('230002163', '7677688900', 757, 2, 2023, '', ''),
('230002164', '8788799001', 758, 2, 2023, '', ''),
('230002165', '9899800112', 759, 2, 2023, '', ''),
('230002166', '0900911223', 760, 2, 2023, '', ''),
('230002167', '1011022334', 761, 2, 2023, '', ''),
('230002168', '2122133445', 762, 2, 2023, '', ''),
('230002169', '3233244556', 763, 2, 2023, '', ''),
('230002170', '4344355567', 764, 2, 2023, '', ''),
('230002171', '5455466778', 765, 2, 2023, '', ''),
('230002172', '6566577889', 766, 2, 2023, '', ''),
('230002173', '7677688900', 767, 2, 2023, '', ''),
('230002174', '8788799001', 768, 2, 2023, '', ''),
('230002175', '9899800112', 769, 2, 2023, '', ''),
('230002176', '0900911223', 770, 2, 2023, '', ''),
('230002177', '1011022334', 771, 2, 2023, '', ''),
('230002178', '2122133445', 772, 2, 2023, '', '');
INSERT INTO `data_siswa` (`nis`, `nisn`, `id_user`, `id_jurusan`, `angkatan`, `no_wa`, `email`) VALUES
('230002179', '3233244556', 773, 2, 2023, '', ''),
('230002180', '4344355567', 774, 2, 2023, '', ''),
('230002181', '5455466778', 775, 2, 2023, '', ''),
('230002182', '6566577889', 776, 2, 2023, '', ''),
('230002183', '7677688900', 621, 2, 2023, '', ''),
('230002184', '8788799001', 622, 2, 2023, '', ''),
('230002185', '9899800112', 623, 2, 2023, '', ''),
('230002186', '0900911223', 624, 2, 2023, '', ''),
('230002187', '1011022334', 625, 2, 2023, '', ''),
('230002188', '2122133445', 626, 2, 2023, '', ''),
('230002189', '3233244556', 627, 2, 2023, '', ''),
('230002190', '4344355567', 628, 2, 2023, '', ''),
('230002191', '5455466778', 629, 2, 2023, '', ''),
('230002192', '6566577889', 630, 2, 2023, '', ''),
('230002193', '7677688900', 631, 2, 2023, '', ''),
('230002194', '8788799001', 632, 2, 2023, '', ''),
('230002195', '9899800112', 633, 2, 2023, '', ''),
('230002196', '0900911223', 634, 2, 2023, '', ''),
('230002197', '1011022334', 635, 2, 2023, '', ''),
('230002198', '230001300', 10, 1, 2023, '086754576564', 'bagus123@gmail.com'),
('234532134', '234532134', 12, 2, 2019, '', ''),
('987654567', '987654567', 11, 1, 2020, '', '');

-- --------------------------------------------------------

--
-- Struktur dari tabel `jurusan`
--

CREATE TABLE `jurusan` (
  `id_jurusan` int(11) NOT NULL,
  `nama_jurusan` varchar(25) NOT NULL
) ENGINE=InnoDB DEFAULT CHARSET=utf8mb4 COLLATE=utf8mb4_general_ci;

--
-- Dumping data untuk tabel `jurusan`
--

INSERT INTO `jurusan` (`id_jurusan`, `nama_jurusan`) VALUES
(1, 'Rekayasa Perangkat Lunak'),
(2, 'Teknik Kendaraan Ringan');

-- --------------------------------------------------------

--
-- Struktur dari tabel `komentar`
--

CREATE TABLE `komentar` (
  `id_komentar` int(11) NOT NULL,
  `id_user` int(11) NOT NULL,
  `id_artikel` int(11) NOT NULL,
  `tanggal` date NOT NULL,
  `komentar` text NOT NULL
) ENGINE=InnoDB DEFAULT CHARSET=utf8mb4 COLLATE=utf8mb4_general_ci;

--
-- Dumping data untuk tabel `komentar`
--

INSERT INTO `komentar` (`id_komentar`, `id_user`, `id_artikel`, `tanggal`, `komentar`) VALUES
(3, 10, 4, '2023-06-04', 'coba gantii');

-- --------------------------------------------------------

--
-- Struktur dari tabel `komentar_pengumuman`
--

CREATE TABLE `komentar_pengumuman` (
  `id_komentar` int(11) NOT NULL,
  `id_user` int(11) NOT NULL,
  `id_pengumuman` int(11) NOT NULL,
  `tanggal` date NOT NULL,
  `komentar` text NOT NULL
) ENGINE=InnoDB DEFAULT CHARSET=utf8mb4 COLLATE=utf8mb4_general_ci;

--
-- Dumping data untuk tabel `komentar_pengumuman`
--

INSERT INTO `komentar_pengumuman` (`id_komentar`, `id_user`, `id_pengumuman`, `tanggal`, `komentar`) VALUES
(1, 10, 1, '2023-06-04', 'test');

-- --------------------------------------------------------

--
-- Struktur dari tabel `kriteria_spk`
--

CREATE TABLE `kriteria_spk` (
  `id_kriteria` int(11) NOT NULL,
  `id_jurusan` int(11) NOT NULL,
  `jarak_rumah` int(2) NOT NULL,
  `mtk` int(2) NOT NULL,
  `ipa` int(2) NOT NULL,
  `inggris` int(2) NOT NULL,
  `indonesia` int(2) NOT NULL,
  `agama` int(2) NOT NULL,
  `ppkn` int(2) NOT NULL
) ENGINE=InnoDB DEFAULT CHARSET=utf8mb4 COLLATE=utf8mb4_general_ci;

--
-- Dumping data untuk tabel `kriteria_spk`
--

INSERT INTO `kriteria_spk` (`id_kriteria`, `id_jurusan`, `jarak_rumah`, `mtk`, `ipa`, `inggris`, `indonesia`, `agama`, `ppkn`) VALUES
(11, 2, 4, 4, 4, 3, 3, 5, 4),
(12, 1, 3, 5, 4, 5, 4, 4, 1);

-- --------------------------------------------------------

--
-- Struktur dari tabel `pendaftar_pmb`
--

CREATE TABLE `pendaftar_pmb` (
  `id_pmb` int(11) NOT NULL,
  `nisn` char(10) NOT NULL,
  `nama` varchar(50) NOT NULL,
  `email` varchar(50) NOT NULL,
  `id_jurusan` int(11) DEFAULT NULL,
  `jarak_rumah` int(11) NOT NULL,
  `mtk` int(3) NOT NULL,
  `ipa` int(3) NOT NULL,
  `inggris` int(3) NOT NULL,
  `indonesia` int(3) NOT NULL,
  `agama` int(3) NOT NULL,
  `ppkn` int(3) NOT NULL
) ENGINE=InnoDB DEFAULT CHARSET=utf8mb4 COLLATE=utf8mb4_general_ci;

--
-- Dumping data untuk tabel `pendaftar_pmb`
--

INSERT INTO `pendaftar_pmb` (`id_pmb`, `nisn`, `nama`, `email`, `id_jurusan`, `jarak_rumah`, `mtk`, `ipa`, `inggris`, `indonesia`, `agama`, `ppkn`) VALUES
(4, '098767890', 'shandi', 'shandi@gmail.com', 1, 500, 77, 87, 88, 90, 80, 74),
(5, '65678765', 'Bagus', 'bagus123@gmail.com', 1, 2000, 90, 56, 87, 90, 77, 67),
(7, '2345643234', 'rizki', 'rizki@gmail.com', 1, 2345, 77, 88, 99, 67, 55, 77),
(9, '1234567890', 'Budi', 'budigmailcom', 1, 500, 90, 85, 95, 80, 70, 75),
(10, '2345678901', 'Ani', 'ani@gmail.com', 1, 2000, 80, 90, 85, 95, 80, 85),
(11, '3456789012', 'Citra', 'citra@gmail.com', 1, 1200, 95, 85, 80, 90, 85, 80),
(12, '4567890123', 'Dedi', 'dedi@gmail.com', 1, 1500, 70, 75, 80, 85, 90, 95),
(13, '5678901234', 'Eka', 'ekagmailcom', 1, 300, 85, 80, 90, 95, 85, 80),
(14, '6789012345', 'Fani', 'fani@gmail.com', 1, 900, 75, 80, 85, 90, 95, 85),
(15, '7890123456', 'Gita', 'gita@gmail.com', 1, 600, 90, 95, 80, 85, 80, 90),
(16, '8901234567', 'Hadi', 'hadi@gmail.com', 1, 400, 80, 90, 95, 80, 85, 70),
(17, '9012345678', 'Indra', 'indragmailcom', 1, 700, 95, 80, 85, 90, 70, 75),
(18, '0123456789', 'Joko', 'joko@gmail.com', 1, 1800, 85, 95, 80, 85, 90, 95),
(19, '1122334455', 'Kiki', 'kikigmailcom', 1, 1000, 80, 85, 90, 95, 85, 80),
(20, '2233445566', 'Lina', 'lina@gmail.com', 1, 1300, 90, 95, 85, 80, 80, 85),
(21, '3344556677', 'Mega', 'megagmailcom', 1, 800, 95, 85, 80, 85, 90, 95),
(22, '4455667788', 'Nina', 'nina@gmail.com', 1, 1100, 85, 80, 95, 90, 85, 80),
(23, '5566778899', 'Oscar', 'oscar@gmail.com', 1, 1400, 80, 95, 90, 85, 90, 70),
(24, '6677889900', 'Putri', 'putrigmailcom', 1, 100, 95, 90, 85, 80, 70, 75),
(25, '7788990011', 'Qori', 'qorigmailcom', 1, 1600, 90, 85, 80, 95, 75, 80),
(26, '8899001122', 'Rina', 'rina@gmail.com', 1, 1700, 85, 90, 95, 80, 80, 85),
(27, '9900112233', 'Sari', 'sari@gmail.com', 1, 1000, 95, 80, 85, 90, 85, 90),
(28, '1011223344', 'Tono', 'tonogmailcom', 1, 200, 80, 85, 90, 95, 90, 95),
(29, '2122233445', 'Umi', 'umi@gmail.com', 1, 600, 85, 90, 95, 80, 95, 80),
(30, '3233344556', 'Vera', 'veragmailcom', 1, 3000, 90, 95, 80, 85, 80, 85),
(31, '4344455567', 'Wati', 'wati@gmail.com', 1, 1500, 95, 80, 85, 90, 85, 90),
(32, '5455566778', 'Xavier', 'xavier@gmail.com', 1, 800, 80, 85, 90, 95, 90, 95),
(33, '6566677889', 'Yani', 'yani@gmail.com', 1, 1200, 85, 90, 95, 80, 95, 80),
(34, '7677788900', 'Zara', 'zara@gmail.com', 1, 5000, 90, 95, 80, 85, 80, 85),
(35, '8788899001', 'Abdi', 'abdigmailcom', 1, 3500, 95, 80, 85, 90, 85, 90),
(36, '9899001122', 'Bella', 'bella@gmail.com', 1, 900, 80, 85, 90, 95, 90, 95),
(37, '0900112233', 'Cindy', 'cindy@gmail.com', 1, 1500, 85, 90, 95, 80, 95, 80),
(38, '1011122334', 'Deni', 'denigmailcom', 1, 4000, 90, 95, 80, 85, 80, 85),
(39, '2021223345', 'Eko', 'eko@gmail.com', 1, 2500, 95, 80, 85, 90, 85, 90),
(40, '1234567890', 'Rudi', 'rudigmailcom', 2, 500, 90, 85, 95, 80, 70, 75),
(41, '2345678901', 'Siti', 'siti@gmail.com', 2, 2000, 80, 90, 85, 95, 80, 85),
(42, '3456789012', 'Citra', 'citra@gmail.com', 2, 1200, 95, 85, 80, 90, 85, 80),
(43, '4567890123', 'Doni', 'doni@gmail.com', 2, 1500, 70, 75, 80, 85, 90, 95),
(44, '5678901234', 'Elsa', 'elsagmailcom', 2, 300, 85, 80, 90, 95, 85, 80),
(45, '6789012345', 'Fajar', 'fajar@gmail.com', 2, 900, 75, 80, 85, 90, 95, 85),
(46, '7890123456', 'Gina', 'gina@gmail.com', 2, 600, 90, 95, 80, 85, 80, 90),
(47, '8901234567', 'Hana', 'hana@gmail.com', 2, 400, 80, 90, 95, 80, 85, 70),
(48, '9012345678', 'Indra', 'indragmailcom', 2, 700, 95, 80, 85, 90, 70, 75),
(49, '0123456789', 'Joko', 'joko@gmail.com', 2, 1800, 85, 95, 80, 85, 90, 95),
(50, '1122334455', 'Krisna', 'krisnagmailcom', 2, 1000, 80, 85, 90, 95, 85, 80),
(51, '2233445566', 'Lina', 'lina@gmail.com', 2, 1300, 90, 95, 85, 80, 80, 85),
(52, '3344556677', 'Maulana', 'maulanagmailcom', 2, 800, 95, 85, 80, 85, 90, 95),
(53, '4455667788', 'Nadia', 'nadia@gmail.com', 2, 1100, 85, 80, 95, 90, 85, 80),
(54, '5566778899', 'Oscar', 'oscar@gmail.com', 2, 1400, 80, 95, 90, 85, 90, 70),
(55, '6677889900', 'Putri', 'putrigmailcom', 2, 100, 95, 90, 85, 80, 70, 75),
(56, '7788990011', 'Qori', 'qorigmailcom', 2, 1600, 90, 85, 80, 95, 75, 80),
(57, '8899001122', 'Rina', 'rina@gmail.com', 2, 1700, 85, 90, 95, 80, 80, 85),
(58, '9900112233', 'Santi', 'santi@gmail.com', 2, 1000, 95, 80, 85, 90, 85, 90),
(59, '1011223344', 'Tono', 'tonogmailcom', 2, 200, 80, 85, 90, 95, 90, 95),
(60, '2122233445', 'Umi', 'umi@gmail.com', 2, 600, 85, 90, 95, 80, 95, 80),
(61, '3233344556', 'Vina', 'vina@gmail.com', 2, 3000, 90, 95, 80, 85, 80, 85),
(62, '4344455567', 'Wulan', 'wulan@gmail.com', 2, 1500, 95, 80, 85, 90, 85, 90),
(63, '5455566778', 'Xena', 'xena@gmail.com', 2, 800, 80, 85, 90, 95, 90, 95),
(64, '6566677889', 'Yoga', 'yoga@gmail.com', 2, 1200, 85, 90, 95, 80, 95, 80),
(65, '7677788900', 'Zara', 'zara@gmail.com', 2, 5000, 90, 95, 80, 85, 80, 85),
(66, '8788899001', 'Ahmad', 'ahmadgmailcom', 2, 3500, 95, 80, 85, 90, 85, 90),
(67, '9899001122', 'Bella', 'bella@gmail.com', 2, 900, 80, 85, 90, 95, 90, 95),
(68, '0900112233', 'Cindy', 'cindy@gmail.com', 2, 1500, 85, 90, 95, 80, 95, 80),
(69, '1011122334', 'Deni', 'denigmailcom', 2, 4000, 90, 95, 80, 85, 80, 85),
(70, '2021223345', 'Eko', 'eko@gmail.com', 2, 2500, 95, 80, 85, 90, 85, 90);

-- --------------------------------------------------------

--
-- Struktur dari tabel `pengumuman`
--

CREATE TABLE `pengumuman` (
  `id_pengumuman` int(11) NOT NULL,
  `id_user` int(11) NOT NULL,
  `judul` varchar(255) NOT NULL,
  `tanggal` date NOT NULL,
  `pengumuman` text NOT NULL
) ENGINE=InnoDB DEFAULT CHARSET=utf8mb4 COLLATE=utf8mb4_general_ci;

--
-- Dumping data untuk tabel `pengumuman`
--

INSERT INTO `pengumuman` (`id_pengumuman`, `id_user`, `judul`, `tanggal`, `pengumuman`) VALUES
(1, 9, 'Lomba 17 Agustus 2023', '2023-06-04', '<p style=\"-webkit-text-stroke-width:0px;background-color:rgb(255, 255, 255);box-sizing:border-box;color:rgb(0, 0, 0);font-family:Arial, Helvetica, Tahoma;font-size:17px;font-style:normal;font-variant-caps:normal;font-variant-ligatures:normal;font-weight:400;letter-spacing:normal;margin-bottom:20px;margin-top:0px;orphans:2;text-align:start;text-decoration-color:initial;text-decoration-style:initial;text-decoration-thickness:initial;text-indent:0px;text-transform:none;white-space:normal;widows:2;word-spacing:0px;\"><span style=\"box-sizing:border-box;\">Panjat pinang adalah salah satu lomba khas yang paling dinanti pada 17 Agustus. Pasalnya, lomba ini memerlukan kekompakan beberapa orang yang diharuskan memanjat batang pohon pinang untuk mendapatkan banyak hadiah menarik. Namun, lomba ini tidak mudah karena batang pohon pinang sudah dilumuri dengan oli bekas atau pelicin lain yang menyulitkan peserta.</span></p><p style=\"-webkit-text-stroke-width:0px;background-color:rgb(255, 255, 255);box-sizing:border-box;color:rgb(0, 0, 0);font-family:Arial, Helvetica, Tahoma;font-size:17px;font-style:normal;font-variant-caps:normal;font-variant-ligatures:normal;font-weight:400;letter-spacing:normal;margin-bottom:20px;margin-top:0px;orphans:2;text-align:start;text-decoration-color:initial;text-decoration-style:initial;text-decoration-thickness:initial;text-indent:0px;text-transform:none;white-space:normal;widows:2;word-spacing:0px;\"><span style=\"box-sizing:border-box;\">Jika panjat pinang yang dilakukan bapak-bapak dirasa </span><em style=\"box-sizing:border-box;\"><i>mainstream</i></em><span style=\"box-sizing:border-box;\">, cobalah ganti dengan peserta yang mengharuskan ibu-ibu memanjat batang pohon pinang tersebut. Selain itu, Anda juga bisa memilih opsi panjat pinang untuk anak-anak SD atau SMP yang juga tak kalah seru dan meriah. Namun, pastikan batang pohon pinang lebih pendek dan dikelilingi oleh panitia yang menjaga keamanan anak-anak peserta lomba.</span></p>');

-- --------------------------------------------------------

--
-- Struktur dari tabel `user`
--

CREATE TABLE `user` (
  `id_user` int(11) NOT NULL,
  `nama` varchar(50) NOT NULL,
  `username` varchar(25) NOT NULL,
  `password` varchar(100) NOT NULL,
  `level` enum('siswa','guru') NOT NULL,
  `foto` varchar(255) NOT NULL
) ENGINE=InnoDB DEFAULT CHARSET=utf8mb4 COLLATE=utf8mb4_general_ci;

--
-- Dumping data untuk tabel `user`
--

INSERT INTO `user` (`id_user`, `nama`, `username`, `password`, `level`, `foto`) VALUES
(9, 'Nurmanto S.T', 'nurmanto', 'fac4d1c812cbb5597eb333dd1e7a29b0', 'guru', 'pexels-ron-lach-8159657.jpg'),
(10, 'Bagus', 'bagus', '17b38fc02fd7e92f3edeb6318e3066d8', 'siswa', 'BAGUS RIZKI SETIAWAN.jpg'),
(11, 'Iqbal Arrosyid', 'iqbal', 'eedae20fc3c7a6e9c5b1102098771c70', 'siswa', ''),
(12, 'shandi', 'shandi', 'aa3af19baf5f303a84be784de70ac68f', 'siswa', ''),
(274, 'Andi', 'andi123', 'e10adc3949ba59abbe56e057f20f883e', 'siswa', ''),
(275, 'Budi', 'budi456', 'e80b5017098950fc58aad83c8c14978e', 'siswa', ''),
(276, 'Citra', 'citra789', 'd8578edf8458ce06fbc5bb76a58c5ca4', 'siswa', ''),
(277, 'Doni', 'doni234', 'a152e841783914146e4bcd4f39100686', 'siswa', ''),
(278, 'Eka', 'eka567', 'b427ebd39c845eb5417b7f7aaf1f9724', 'siswa', ''),
(279, 'Fani', 'fani890', '8ace72535e8ea08b22681721a437a6f5', 'siswa', ''),
(280, 'Gita', 'gita123', 'c90c19f592f1700a634fdd2912983a6e', 'siswa', ''),
(281, 'Hadi', 'hadi456', '9cb1ee7cf27fd09cb2d9099afefc6287', 'siswa', ''),
(282, 'Indra', 'indra789', 'a8698009bce6d1b8c2128eddefc25aad', 'siswa', ''),
(283, 'Joko', 'joko234', '8c32e5048bc4fbfc5dc53c89a36c0812', 'siswa', ''),
(284, 'Kiki', 'kiki567', 'c87420f74e39d89165d2a9c115194bdc', 'siswa', ''),
(285, 'Lina', 'lina890', '76419c58730d9f35de7ac538c2fd6737', 'siswa', ''),
(286, 'Mega', 'mega123', '8aef4d1f64d6dd481bec830faa0de8b2', 'siswa', ''),
(287, 'Nina', 'nina456', '1c3818d6ab161f82315683755a176051', 'siswa', ''),
(288, 'Oscar', 'oscar789', 'e7d45cff543d14696f7ddb3d70ae495b', 'siswa', ''),
(289, 'Putri', 'putri234', 'decc8686654b465e5313259325149a86', 'siswa', ''),
(290, 'Qori', 'qori567', '7dcfac8cc7cdf48a70d0dd8c664ad278', 'siswa', ''),
(291, 'Rina', 'rina890', 'd5b30c69f4904ecca6651a4ac21e2840', 'siswa', ''),
(292, 'Sari', 'sari123', 'a2d26a67fbcdf97dfdb0b4fa9511736d', 'siswa', ''),
(293, 'Tono', 'tono456', 'a366e6c3178e26cfdacdd74c47c9f3b6', 'siswa', ''),
(294, 'Umi', 'umi789', '8aef4d1f64d6dd481bec830faa0de8b2', 'siswa', ''),
(295, 'Vera', 'vera234', '1c3818d6ab161f82315683755a176051', 'siswa', ''),
(296, 'Wati', 'wati567', 'e7d45cff543d14696f7ddb3d70ae495b', 'siswa', ''),
(297, 'Xavier', 'xavier890', 'decc8686654b465e5313259325149a86', 'siswa', ''),
(298, 'Yani', 'yani123', '7dcfac8cc7cdf48a70d0dd8c664ad278', 'siswa', ''),
(299, 'Zara', 'zara456', 'd5b30c69f4904ecca6651a4ac21e2840', 'siswa', ''),
(300, 'Abdi', 'abdi789', 'a2d26a67fbcdf97dfdb0b4fa9511736d', 'siswa', ''),
(301, 'Bella', 'bella234', 'a366e6c3178e26cfdacdd74c47c9f3b6', 'siswa', ''),
(302, 'Cindy', 'cindy567', '8aef4d1f64d6dd481bec830faa0de8b2', 'siswa', ''),
(303, 'Deni', 'deni890', '1c3818d6ab161f82315683755a176051', 'siswa', ''),
(304, 'Eko', 'eko123', 'e7d45cff543d14696f7ddb3d70ae495b', 'siswa', ''),
(305, 'Fira', 'fira456', 'decc8686654b465e5313259325149a86', 'siswa', ''),
(306, 'Gerry', 'gerry789', '7dcfac8cc7cdf48a70d0dd8c664ad278', 'siswa', ''),
(307, 'Hana', 'hana234', 'd5b30c69f4904ecca6651a4ac21e2840', 'siswa', ''),
(308, 'Ivan', 'ivan567', 'a2d26a67fbcdf97dfdb0b4fa9511736d', 'siswa', ''),
(309, 'Jodi', 'jodi890', 'a366e6c3178e26cfdacdd74c47c9f3b6', 'siswa', ''),
(310, 'Kara', 'kara123', '8aef4d1f64d6dd481bec830faa0de8b2', 'siswa', ''),
(311, 'Lana', 'lana456', '1c3818d6ab161f82315683755a176051', 'siswa', ''),
(312, 'Mira', 'mira789', 'e7d45cff543d14696f7ddb3d70ae495b', 'siswa', ''),
(313, 'Niko', 'niko234', 'decc8686654b465e5313259325149a86', 'siswa', ''),
(314, 'Opal', 'opal567', '7dcfac8cc7cdf48a70d0dd8c664ad278', 'siswa', ''),
(315, 'Pria', 'pria890', 'd5b30c69f4904ecca6651a4ac21e2840', 'siswa', ''),
(316, 'Qila', 'qila123', 'a2d26a67fbcdf97dfdb0b4fa9511736d', 'siswa', ''),
(317, 'Riza', 'riza456', 'a366e6c3178e26cfdacdd74c47c9f3b6', 'siswa', ''),
(318, 'Sasa', 'sasa789', '8aef4d1f64d6dd481bec830faa0de8b2', 'siswa', ''),
(319, 'Tika', 'tika234', '1c3818d6ab161f82315683755a176051', 'siswa', ''),
(320, 'Umar', 'umar567', 'e7d45cff543d14696f7ddb3d70ae495b', 'siswa', ''),
(321, 'Vivi', 'vivi890', 'decc8686654b465e5313259325149a86', 'siswa', ''),
(322, 'Widi', 'widi123', '7dcfac8cc7cdf48a70d0dd8c664ad278', 'siswa', ''),
(323, 'Xeno', 'xeno456', 'd5b30c69f4904ecca6651a4ac21e2840', 'siswa', ''),
(324, 'Yola', 'yola789', 'a2d26a67fbcdf97dfdb0b4fa9511736d', 'siswa', ''),
(325, 'Zeva', 'zeva234', 'a366e6c3178e26cfdacdd74c47c9f3b6', 'siswa', ''),
(326, 'Alya', 'alya567', '1c3818d6ab161f82315683755a176051', 'siswa', ''),
(327, 'Bima', 'bima890', 'e7d45cff543d14696f7ddb3d70ae495b', 'siswa', ''),
(328, 'Cici', 'cici123', '8aef4d1f64d6dd481bec830faa0de8b2', 'siswa', ''),
(329, 'Dito', 'dito456', 'decc8686654b465e5313259325149a86', 'siswa', ''),
(330, 'Elga', 'elga789', '7dcfac8cc7cdf48a70d0dd8c664ad278', 'siswa', ''),
(331, 'Fika', 'fika234', 'd5b30c69f4904ecca6651a4ac21e2840', 'siswa', ''),
(332, 'Gani', 'gani567', 'a2d26a67fbcdf97dfdb0b4fa9511736d', 'siswa', ''),
(333, 'Hadi', 'hadi890', 'a366e6c3178e26cfdacdd74c47c9f3b6', 'siswa', ''),
(334, 'Ines', 'ines123', '1c3818d6ab161f82315683755a176051', 'siswa', ''),
(335, 'Jono', 'jono456', 'e7d45cff543d14696f7ddb3d70ae495b', 'siswa', ''),
(336, 'Kyla', 'kyla789', '8aef4d1f64d6dd481bec830faa0de8b2', 'siswa', ''),
(337, 'Luki', 'luki234', 'decc8686654b465e5313259325149a86', 'siswa', ''),
(338, 'Mila', 'mila567', '7dcfac8cc7cdf48a70d0dd8c664ad278', 'siswa', ''),
(339, 'Nara', 'nara890', 'd5b30c69f4904ecca6651a4ac21e2840', 'siswa', ''),
(340, 'Olla', 'olla123', 'a2d26a67fbcdf97dfdb0b4fa9511736d', 'siswa', ''),
(341, 'Pina', 'pina456', 'a366e6c3178e26cfdacdd74c47c9f3b6', 'siswa', ''),
(342, 'Qori', 'qori789', '7dcfac8cc7cdf48a70d0dd8c664ad278', 'siswa', ''),
(343, 'Rafi', 'rafi234', 'd5b30c69f4904ecca6651a4ac21e2840', 'siswa', ''),
(344, 'Sasa', 'sasa567', 'a2d26a67fbcdf97dfdb0b4fa9511736d', 'siswa', ''),
(345, 'Tika', 'tika890', 'a366e6c3178e26cfdacdd74c47c9f3b6', 'siswa', ''),
(346, 'Umar', 'umar123', '1c3818d6ab161f82315683755a176051', 'siswa', ''),
(347, 'Vina', 'vina456', 'e7d45cff543d14696f7ddb3d70ae495b', 'siswa', ''),
(348, 'Wati', 'wati789', '8aef4d1f64d6dd481bec830faa0de8b2', 'siswa', ''),
(349, 'Xena', 'xena234', 'decc8686654b465e5313259325149a86', 'siswa', ''),
(350, 'Yoga', 'yoga567', '7dcfac8cc7cdf48a70d0dd8c664ad278', 'siswa', ''),
(351, 'Zara', 'zara890', 'd5b30c69f4904ecca6651a4ac21e2840', 'siswa', ''),
(352, 'Abdi', 'abdi123', 'e10adc3949ba59abbe56e057f20f883e', 'siswa', ''),
(353, 'Bella', 'bella456', 'e80b5017098950fc58aad83c8c14978e', 'siswa', ''),
(354, 'Cindy', 'cindy789', 'd8578edf8458ce06fbc5bb76a58c5ca4', 'siswa', ''),
(355, 'Deni', 'deni234', 'a152e841783914146e4bcd4f39100686', 'siswa', ''),
(356, 'Eka', 'eka567', 'b427ebd39c845eb5417b7f7aaf1f9724', 'siswa', ''),
(357, 'Fani', 'fani890', '8ace72535e8ea08b22681721a437a6f5', 'siswa', ''),
(358, 'Gerry', 'gerry123', 'c90c19f592f1700a634fdd2912983a6e', 'siswa', ''),
(359, 'Hani', 'hani456', '9cb1ee7cf27fd09cb2d9099afefc6287', 'siswa', ''),
(360, 'Ivan', 'ivan789', 'a8698009bce6d1b8c2128eddefc25aad', 'siswa', ''),
(361, 'Joni', 'joni234', '8c32e5048bc4fbfc5dc53c89a36c0812', 'siswa', ''),
(362, 'Kara', 'kara567', 'c87420f74e39d89165d2a9c115194bdc', 'siswa', ''),
(363, 'Luna', 'luna890', '76419c58730d9f35de7ac538c2fd6737', 'siswa', ''),
(364, 'Mika', 'mika123', '8aef4d1f64d6dd481bec830faa0de8b2', 'siswa', ''),
(365, 'Nina', 'nina456', '1c3818d6ab161f82315683755a176051', 'siswa', ''),
(366, 'Oscar', 'oscar789', 'e7d45cff543d14696f7ddb3d70ae495b', 'siswa', ''),
(367, 'Putri', 'putri234', 'decc8686654b465e5313259325149a86', 'siswa', ''),
(368, 'Qori', 'qori567', '7dcfac8cc7cdf48a70d0dd8c664ad278', 'siswa', ''),
(369, 'Rina', 'rina890', 'd5b30c69f4904ecca6651a4ac21e2840', 'siswa', ''),
(370, 'Sari', 'sari123', 'a2d26a67fbcdf97dfdb0b4fa9511736d', 'siswa', ''),
(371, 'Tono', 'tono456', 'a366e6c3178e26cfdacdd74c47c9f3b6', 'siswa', ''),
(372, 'Umi', 'umi789', '8aef4d1f64d6dd481bec830faa0de8b2', 'siswa', ''),
(373, 'Vera', 'vera234', '1c3818d6ab161f82315683755a176051', 'siswa', ''),
(374, 'Wati', 'wati567', 'e7d45cff543d14696f7ddb3d70ae495b', 'siswa', ''),
(375, 'Xavier', 'xavier890', 'decc8686654b465e5313259325149a86', 'siswa', ''),
(376, 'Yani', 'yani123', '7dcfac8cc7cdf48a70d0dd8c664ad278', 'siswa', ''),
(377, 'Zara', 'zara456', 'd5b30c69f4904ecca6651a4ac21e2840', 'siswa', ''),
(378, 'Alya', 'alya789', 'a2d26a67fbcdf97dfdb0b4fa9511736d', 'siswa', ''),
(379, 'Bima', 'bima234', 'a366e6c3178e26cfdacdd74c47c9f3b6', 'siswa', ''),
(380, 'Cindy', 'cindy567', '8aef4d1f64d6dd481bec830faa0de8b2', 'siswa', ''),
(381, 'Deni', 'deni890', '1c3818d6ab161f82315683755a176051', 'siswa', ''),
(382, 'Eko', 'eko123', 'e7d45cff543d14696f7ddb3d70ae495b', 'siswa', ''),
(383, 'Fira', 'fira456', 'decc8686654b465e5313259325149a86', 'siswa', ''),
(384, 'Gerry', 'gerry789', '7dcfac8cc7cdf48a70d0dd8c664ad278', 'siswa', ''),
(385, 'Hana', 'hana234', 'd5b30c69f4904ecca6651a4ac21e2840', 'siswa', ''),
(386, 'Ivan', 'ivan567', 'a2d26a67fbcdf97dfdb0b4fa9511736d', 'siswa', ''),
(387, 'Jodi', 'jodi890', 'a366e6c3178e26cfdacdd74c47c9f3b6', 'siswa', ''),
(388, 'Kara', 'kara123', '8aef4d1f64d6dd481bec830faa0de8b2', 'siswa', ''),
(389, 'Lana', 'lana456', '1c3818d6ab161f82315683755a176051', 'siswa', ''),
(390, 'Mira', 'mira789', 'e7d45cff543d14696f7ddb3d70ae495b', 'siswa', ''),
(391, 'Niko', 'niko234', 'decc8686654b465e5313259325149a86', 'siswa', ''),
(392, 'Opal', 'opal567', '7dcfac8cc7cdf48a70d0dd8c664ad278', 'siswa', ''),
(393, 'Pria', 'pria890', 'd5b30c69f4904ecca6651a4ac21e2840', 'siswa', ''),
(394, 'Qila', 'qila123', 'a2d26a67fbcdf97dfdb0b4fa9511736d', 'siswa', ''),
(395, 'Riza', 'riza456', 'a366e6c3178e26cfdacdd74c47c9f3b6', 'siswa', ''),
(396, 'Sasa', 'sasa789', '8aef4d1f64d6dd481bec830faa0de8b2', 'siswa', ''),
(397, 'Tika', 'tika234', '1c3818d6ab161f82315683755a176051', 'siswa', ''),
(398, 'Umar', 'umar567', 'e7d45cff543d14696f7ddb3d70ae495b', 'siswa', ''),
(399, 'Vivi', 'vivi890', 'decc8686654b465e5313259325149a86', 'siswa', ''),
(400, 'Widi', 'widi123', '7dcfac8cc7cdf48a70d0dd8c664ad278', 'siswa', ''),
(401, 'Xeno', 'xeno456', 'd5b30c69f4904ecca6651a4ac21e2840', 'siswa', ''),
(402, 'Yola', 'yola789', 'a2d26a67fbcdf97dfdb0b4fa9511736d', 'siswa', ''),
(403, 'Zeva', 'zeva234', 'a366e6c3178e26cfdacdd74c47c9f3b6', 'siswa', ''),
(404, 'Alya', 'alya567', '1c3818d6ab161f82315683755a176051', 'siswa', ''),
(405, 'Bima', 'bima890', 'e7d45cff543d14696f7ddb3d70ae495b', 'siswa', ''),
(406, 'Cici', 'cici123', '8aef4d1f64d6dd481bec830faa0de8b2', 'siswa', ''),
(407, 'Dito', 'dito456', 'decc8686654b465e5313259325149a86', 'siswa', ''),
(408, 'Elga', 'elga789', '7dcfac8cc7cdf48a70d0dd8c664ad278', 'siswa', ''),
(409, 'Fika', 'fika234', 'd5b30c69f4904ecca6651a4ac21e2840', 'siswa', ''),
(410, 'Gani', 'gani567', 'a2d26a67fbcdf97dfdb0b4fa9511736d', 'siswa', ''),
(411, 'Hadi', 'hadi890', 'a366e6c3178e26cfdacdd74c47c9f3b6', 'siswa', ''),
(412, 'Ines', 'ines123', '1c3818d6ab161f82315683755a176051', 'siswa', ''),
(413, 'Jono', 'jono456', 'e7d45cff543d14696f7ddb3d70ae495b', 'siswa', ''),
(414, 'Kyla', 'kyla789', '8aef4d1f64d6dd481bec830faa0de8b2', 'siswa', ''),
(415, 'Luki', 'luki234', 'decc8686654b465e5313259325149a86', 'siswa', ''),
(416, 'Mila', 'mila567', '7dcfac8cc7cdf48a70d0dd8c664ad278', 'siswa', ''),
(417, 'Nara', 'nara890', 'd5b30c69f4904ecca6651a4ac21e2840', 'siswa', ''),
(418, 'Olla', 'olla123', 'a2d26a67fbcdf97dfdb0b4fa9511736d', 'siswa', ''),
(419, 'Pina', 'pina456', 'decc8686654b465e5313259325149a86', 'siswa', ''),
(420, 'Qori', 'qori789', '7dcfac8cc7cdf48a70d0dd8c664ad278', 'siswa', ''),
(421, 'Rafi', 'rafi234', 'd5b30c69f4904ecca6651a4ac21e2840', 'siswa', ''),
(422, 'Sasa', 'sasa567', 'a2d26a67fbcdf97dfdb0b4fa9511736d', 'siswa', ''),
(423, 'Tika', 'tika890', 'a366e6c3178e26cfdacdd74c47c9f3b6', 'siswa', ''),
(424, 'Umar', 'umar123', '1c3818d6ab161f82315683755a176051', 'siswa', ''),
(425, 'Vina', 'vina456', 'e7d45cff543d14696f7ddb3d70ae495b', 'siswa', ''),
(426, 'Wati', 'wati789', '8aef4d1f64d6dd481bec830faa0de8b2', 'siswa', ''),
(427, 'Xena', 'xena234', 'decc8686654b465e5313259325149a86', 'siswa', ''),
(428, 'Yoga', 'yoga567', '7dcfac8cc7cdf48a70d0dd8c664ad278', 'siswa', ''),
(429, 'Zara', 'zara890', 'd5b30c69f4904ecca6651a4ac21e2840', 'siswa', ''),
(430, 'Alya', 'alya123', 'a2d26a67fbcdf97dfdb0b4fa9511736d', 'siswa', ''),
(431, 'Bima', 'bima456', 'a366e6c3178e26cfdacdd74c47c9f3b6', 'siswa', ''),
(432, 'Cici', 'cici789', '1c3818d6ab161f82315683755a176051', 'siswa', ''),
(433, 'Dito', 'dito234', 'e7d45cff543d14696f7ddb3d70ae495b', 'siswa', ''),
(434, 'Elga', 'elga567', '8aef4d1f64d6dd481bec830faa0de8b2', 'siswa', ''),
(435, 'Fika', 'fika890', 'decc8686654b465e5313259325149a86', 'siswa', ''),
(436, 'Gani', 'gani123', '7dcfac8cc7cdf48a70d0dd8c664ad278', 'siswa', ''),
(437, 'Hadi', 'hadi456', 'd5b30c69f4904ecca6651a4ac21e2840', 'siswa', ''),
(438, 'Ines', 'ines789', 'a2d26a67fbcdf97dfdb0b4fa9511736d', 'siswa', ''),
(439, 'Jono', 'jono234', 'a366e6c3178e26cfdacdd74c47c9f3b6', 'siswa', ''),
(440, 'Kyla', 'kyla567', '1c3818d6ab161f82315683755a176051', 'siswa', ''),
(441, 'Luki', 'luki890', 'e7d45cff543d14696f7ddb3d70ae495b', 'siswa', ''),
(442, 'Mila', 'mila123', '8aef4d1f64d6dd481bec830faa0de8b2', 'siswa', ''),
(443, 'Nara', 'nara456', 'decc8686654b465e5313259325149a86', 'siswa', ''),
(444, 'Olla', 'olla789', '7dcfac8cc7cdf48a70d0dd8c664ad278', 'siswa', ''),
(445, 'Pina', 'pina234', 'd5b30c69f4904ecca6651a4ac21e2840', 'siswa', ''),
(446, 'Qori', 'qori567', 'a2d26a67fbcdf97dfdb0b4fa9511736d', 'siswa', ''),
(447, 'Rafi', 'rafi890', 'a366e6c3178e26cfdacdd74c47c9f3b6', 'siswa', ''),
(448, 'Sasa', 'sasa123', '8aef4d1f64d6dd481bec830faa0de8b2', 'siswa', ''),
(449, 'Tika', 'tika456', '1c3818d6ab161f82315683755a176051', 'siswa', ''),
(450, 'Umar', 'umar789', 'e7d45cff543d14696f7ddb3d70ae495b', 'siswa', ''),
(451, 'Vina', 'vina234', 'decc8686654b465e5313259325149a86', 'siswa', ''),
(452, 'Wati', 'wati567', '7dcfac8cc7cdf48a70d0dd8c664ad278', 'siswa', ''),
(453, 'Xena', 'xena890', 'd5b30c69f4904ecca6651a4ac21e2840', 'siswa', ''),
(454, 'Yoga', 'yoga123', 'a2d26a67fbcdf97dfdb0b4fa9511736d', 'siswa', ''),
(455, 'Zara', 'zara456', 'a366e6c3178e26cfdacdd74c47c9f3b6', 'siswa', ''),
(456, 'Alya', 'alya789', '8aef4d1f64d6dd481bec830faa0de8b2', 'siswa', ''),
(457, 'Bima', 'bima234', '1c3818d6ab161f82315683755a176051', 'siswa', ''),
(458, 'Cici', 'cici567', 'e7d45cff543d14696f7ddb3d70ae495b', 'siswa', ''),
(459, 'Dito', 'dito890', 'decc8686654b465e5313259325149a86', 'siswa', ''),
(460, 'Elga', 'elga123', '7dcfac8cc7cdf48a70d0dd8c664ad278', 'siswa', ''),
(461, 'Fika', 'fika456', 'd5b30c69f4904ecca6651a4ac21e2840', 'siswa', ''),
(462, 'Gani', 'gani789', 'a2d26a67fbcdf97dfdb0b4fa9511736d', 'siswa', ''),
(463, 'Hadi', 'hadi234', 'a366e6c3178e26cfdacdd74c47c9f3b6', 'siswa', ''),
(464, 'Ines', 'ines567', '8aef4d1f64d6dd481bec830faa0de8b2', 'siswa', ''),
(465, 'Jono', 'jono890', '1c3818d6ab161f82315683755a176051', 'siswa', ''),
(466, 'Kyla', 'kyla123', 'e7d45cff543d14696f7ddb3d70ae495b', 'siswa', ''),
(467, 'Luki', 'luki456', 'decc8686654b465e5313259325149a86', 'siswa', ''),
(468, 'Mila', 'mila789', '7dcfac8cc7cdf48a70d0dd8c664ad278', 'siswa', ''),
(469, 'Nara', 'nara234', 'd5b30c69f4904ecca6651a4ac21e2840', 'siswa', ''),
(470, 'Olla', 'olla567', 'a2d26a67fbcdf97dfdb0b4fa9511736d', 'siswa', ''),
(471, 'Pina', 'pina890', 'a366e6c3178e26cfdacdd74c47c9f3b6', 'siswa', ''),
(472, 'Qori', 'qori123', '1c3818d6ab161f82315683755a176051', 'siswa', ''),
(473, 'Rafi', 'rafi456', 'e7d45cff543d14696f7ddb3d70ae495b', 'siswa', ''),
(474, 'Sasa', 'sasa789', '8aef4d1f64d6dd481bec830faa0de8b2', 'siswa', ''),
(475, 'Tika', 'tika234', 'decc8686654b465e5313259325149a86', 'siswa', ''),
(476, 'Umar', 'umar567', '7dcfac8cc7cdf48a70d0dd8c664ad278', 'siswa', ''),
(477, 'Vina', 'vina890', 'd5b30c69f4904ecca6651a4ac21e2840', 'siswa', ''),
(478, 'Wati', 'wati123', 'a2d26a67fbcdf97dfdb0b4fa9511736d', 'siswa', ''),
(479, 'Xena', 'xena456', 'a366e6c3178e26cfdacdd74c47c9f3b6', 'siswa', ''),
(480, 'Yoga', 'yoga789', '8aef4d1f64d6dd481bec830faa0de8b2', 'siswa', ''),
(481, 'Zara', 'zara234', '1c3818d6ab161f82315683755a176051', 'siswa', ''),
(482, 'Abby', 'abby123', 'e10adc3949ba59abbe56e057f20f883e', 'siswa', ''),
(483, 'Ben', 'ben456', 'e80b5017098950fc58aad83c8c14978e', 'siswa', ''),
(484, 'Cara', 'cara789', 'd8578edf8458ce06fbc5bb76a58c5ca4', 'siswa', ''),
(485, 'Dave', 'dave234', 'a152e841783914146e4bcd4f39100686', 'siswa', ''),
(486, 'Eva', 'eva567', 'b427ebd39c845eb5417b7f7aaf1f9724', 'siswa', ''),
(487, 'Frank', 'frank890', '8ace72535e8ea08b22681721a437a6f5', 'siswa', ''),
(488, 'Gina', 'gina123', 'c90c19f592f1700a634fdd2912983a6e', 'siswa', ''),
(489, 'Hank', 'hank456', '9cb1ee7cf27fd09cb2d9099afefc6287', 'siswa', ''),
(490, 'Ivy', 'ivy789', 'a8698009bce6d1b8c2128eddefc25aad', 'siswa', ''),
(491, 'Jake', 'jake234', '8c32e5048bc4fbfc5dc53c89a36c0812', 'siswa', ''),
(492, 'Katy', 'katy567', 'c87420f74e39d89165d2a9c115194bdc', 'siswa', ''),
(493, 'Liam', 'liam890', '76419c58730d9f35de7ac538c2fd6737', 'siswa', ''),
(494, 'Mia', 'mia123', '8aef4d1f64d6dd481bec830faa0de8b2', 'siswa', ''),
(495, 'Noah', 'noah456', '1c3818d6ab161f82315683755a176051', 'siswa', ''),
(496, 'Olivia', 'olivia789', 'e7d45cff543d14696f7ddb3d70ae495b', 'siswa', ''),
(497, 'Peter', 'peter234', 'decc8686654b465e5313259325149a86', 'siswa', ''),
(498, 'Queen', 'queen567', '7dcfac8cc7cdf48a70d0dd8c664ad278', 'siswa', ''),
(499, 'Ryan', 'ryan890', 'd5b30c69f4904ecca6651a4ac21e2840', 'siswa', ''),
(500, 'Sophia', 'sophia123', 'a2d26a67fbcdf97dfdb0b4fa9511736d', 'siswa', ''),
(501, 'Tom', 'tom456', 'a366e6c3178e26cfdacdd74c47c9f3b6', 'siswa', ''),
(502, 'Una', 'una789', '8aef4d1f64d6dd481bec830faa0de8b2', 'siswa', ''),
(503, 'Vicky', 'vicky234', '1c3818d6ab161f82315683755a176051', 'siswa', ''),
(504, 'Wendy', 'wendy567', 'e7d45cff543d14696f7ddb3d70ae495b', 'siswa', ''),
(505, 'Xander', 'xander890', 'decc8686654b465e5313259325149a86', 'siswa', ''),
(506, 'Yara', 'yara123', '7dcfac8cc7cdf48a70d0dd8c664ad278', 'siswa', ''),
(507, 'Zane', 'zane456', 'd5b30c69f4904ecca6651a4ac21e2840', 'siswa', ''),
(508, 'Amy', 'amy789', 'a2d26a67fbcdf97dfdb0b4fa9511736d', 'siswa', ''),
(509, 'Brad', 'brad234', 'a366e6c3178e26cfdacdd74c47c9f3b6', 'siswa', ''),
(510, 'Cathy', 'cathy567', '8aef4d1f64d6dd481bec830faa0de8b2', 'siswa', ''),
(511, 'Danny', 'danny890', '1c3818d6ab161f82315683755a176051', 'siswa', ''),
(512, 'Elsa', 'elsa123', 'e7d45cff543d14696f7ddb3d70ae495b', 'siswa', ''),
(513, 'Felix', 'felix456', 'decc8686654b465e5313259325149a86', 'siswa', ''),
(514, 'Gwen', 'gwen789', '7dcfac8cc7cdf48a70d0dd8c664ad278', 'siswa', ''),
(515, 'Harry', 'harry234', 'd5b30c69f4904ecca6651a4ac21e2840', 'siswa', ''),
(516, 'Iris', 'iris567', 'a2d26a67fbcdf97dfdb0b4fa9511736d', 'siswa', ''),
(517, 'Jack', 'jack890', 'a366e6c3178e26cfdacdd74c47c9f3b6', 'siswa', ''),
(518, 'Kelly', 'kelly123', '8aef4d1f64d6dd481bec830faa0de8b2', 'siswa', ''),
(519, 'Leo', 'leo456', '1c3818d6ab161f82315683755a176051', 'siswa', ''),
(520, 'Mila', 'mila789', 'e7d45cff543d14696f7ddb3d70ae495b', 'siswa', ''),
(521, 'Nolan', 'nolan234', 'decc8686654b465e5313259325149a86', 'siswa', ''),
(522, 'Owen', 'owen567', '7dcfac8cc7cdf48a70d0dd8c664ad278', 'siswa', ''),
(523, 'Penny', 'penny890', 'd5b30c69f4904ecca6651a4ac21e2840', 'siswa', ''),
(524, 'Quinn', 'quinn123', 'a2d26a67fbcdf97dfdb0b4fa9511736d', 'siswa', ''),
(525, 'Riley', 'riley456', 'a366e6c3178e26cfdacdd74c47c9f3b6', 'siswa', ''),
(526, 'Sara', 'sara789', '8aef4d1f64d6dd481bec830faa0de8b2', 'siswa', ''),
(527, 'Troy', 'troy234', '1c3818d6ab161f82315683755a176051', 'siswa', ''),
(528, 'Uma', 'uma567', 'e7d45cff543d14696f7ddb3d70ae495b', 'siswa', ''),
(529, 'Vera', 'vera890', 'decc8686654b465e5313259325149a86', 'siswa', ''),
(530, 'Wade', 'wade123', '7dcfac8cc7cdf48a70d0dd8c664ad278', 'siswa', ''),
(531, 'Xavier', 'xavier456', 'd5b30c69f4904ecca6651a4ac21e2840', 'siswa', ''),
(532, 'Yara', 'yara789', 'a2d26a67fbcdf97dfdb0b4fa9511736d', 'siswa', ''),
(533, 'Zara', 'zara234', 'a366e6c3178e26cfdacdd74c47c9f3b6', 'siswa', ''),
(534, 'Adam', 'adam567', '1c3818d6ab161f82315683755a176051', 'siswa', ''),
(535, 'Bella', 'bella890', 'e7d45cff543d14696f7ddb3d70ae495b', 'siswa', ''),
(536, 'Chris', 'chris123', '8aef4d1f64d6dd481bec830faa0de8b2', 'siswa', ''),
(537, 'David', 'david456', 'decc8686654b465e5313259325149a86', 'siswa', ''),
(538, 'Emily', 'emily789', '7dcfac8cc7cdf48a70d0dd8c664ad278', 'siswa', ''),
(539, 'Finn', 'finn234', 'd5b30c69f4904ecca6651a4ac21e2840', 'siswa', ''),
(540, 'Grace', 'grace567', 'a2d26a67fbcdf97dfdb0b4fa9511736d', 'siswa', ''),
(541, 'Henry', 'henry890', 'a366e6c3178e26cfdacdd74c47c9f3b6', 'siswa', ''),
(542, 'Ivy', 'ivy123', '1c3818d6ab161f82315683755a176051', 'siswa', ''),
(543, 'Jake', 'jake456', 'e7d45cff543d14696f7ddb3d70ae495b', 'siswa', ''),
(544, 'Kelly', 'kelly789', '8aef4d1f64d6dd481bec830faa0de8b2', 'siswa', ''),
(545, 'Liam', 'liam234', 'decc8686654b465e5313259325149a86', 'siswa', ''),
(546, 'Mia', 'mia567', '7dcfac8cc7cdf48a70d0dd8c664ad278', 'siswa', ''),
(547, 'Nora', 'nora890', 'd5b30c69f4904ecca6651a4ac21e2840', 'siswa', ''),
(548, 'Oliver', 'oliver123', 'a2d26a67fbcdf97dfdb0b4fa9511736d', 'siswa', ''),
(549, 'Penny', 'penny456', 'a366e6c3178e26cfdacdd74c47c9f3b6', 'siswa', ''),
(550, 'Quinn', 'quinn789', '7dcfac8cc7cdf48a70d0dd8c664ad278', 'siswa', ''),
(551, 'Ryan', 'ryan234', 'd5b30c69f4904ecca6651a4ac21e2840', 'siswa', ''),
(552, 'Sophie', 'sophie567', 'a2d26a67fbcdf97dfdb0b4fa9511736d', 'siswa', ''),
(553, 'Tom', 'tom890', 'a366e6c3178e26cfdacdd74c47c9f3b6', 'siswa', ''),
(554, 'Una', 'una123', '8aef4d1f64d6dd481bec830faa0de8b2', 'siswa', ''),
(555, 'Victor', 'victor456', 'e7d45cff543d14696f7ddb3d70ae495b', 'siswa', ''),
(556, 'Wendy', 'wendy789', '1c3818d6ab161f82315683755a176051', 'siswa', ''),
(557, 'Xander', 'xander234', 'decc8686654b465e5313259325149a86', 'siswa', ''),
(558, 'Yara', 'yara567', '7dcfac8cc7cdf48a70d0dd8c664ad278', 'siswa', ''),
(559, 'Zane', 'zane890', 'd5b30c69f4904ecca6651a4ac21e2840', 'siswa', ''),
(560, 'Lala', 'lala123', 'a2d26a67fbcdf97dfdb0b4fa9511736d', 'siswa', ''),
(561, 'Miko', 'miko456', 'a366e6c3178e26cfdacdd74c47c9f3b6', 'siswa', ''),
(562, 'Nina', 'nina789', '7dcfac8cc7cdf48a70d0dd8c664ad278', 'siswa', ''),
(563, 'Opal', 'opal234', 'd5b30c69f4904ecca6651a4ac21e2840', 'siswa', ''),
(564, 'Pria', 'pria567', 'a2d26a67fbcdf97dfdb0b4fa9511736d', 'siswa', ''),
(565, 'Qila', 'qila890', 'a366e6c3178e26cfdacdd74c47c9f3b6', 'siswa', ''),
(566, 'Riza', 'riza123', '7dcfac8cc7cdf48a70d0dd8c664ad278', 'siswa', ''),
(567, 'Sasa', 'sasa456', 'd5b30c69f4904ecca6651a4ac21e2840', 'siswa', ''),
(568, 'Toni', 'toni789', 'a2d26a67fbcdf97dfdb0b4fa9511736d', 'siswa', ''),
(569, 'Ulya', 'ulya234', 'a366e6c3178e26cfdacdd74c47c9f3b6', 'siswa', ''),
(570, 'Vira', 'vira567', '7dcfac8cc7cdf48a70d0dd8c664ad278', 'siswa', ''),
(571, 'Wira', 'wira890', 'd5b30c69f4904ecca6651a4ac21e2840', 'siswa', ''),
(572, 'Xara', 'xara123', 'a2d26a67fbcdf97dfdb0b4fa9511736d', 'siswa', ''),
(573, 'Yoga', 'yoga456', 'a366e6c3178e26cfdacdd74c47c9f3b6', 'siswa', ''),
(574, 'Zula', 'zula789', '7dcfac8cc7cdf48a70d0dd8c664ad278', 'siswa', ''),
(575, 'Alya', 'alya234', 'd5b30c69f4904ecca6651a4ac21e2840', 'siswa', ''),
(576, 'Budi', 'budi567', 'a2d26a67fbcdf97dfdb0b4fa9511736d', 'siswa', ''),
(577, 'Cita', 'cita890', 'a366e6c3178e26cfdacdd74c47c9f3b6', 'siswa', ''),
(578, 'Dina', 'dina123', '7dcfac8cc7cdf48a70d0dd8c664ad278', 'siswa', ''),
(579, 'Ella', 'ella456', 'd5b30c69f4904ecca6651a4ac21e2840', 'siswa', ''),
(580, 'Faza', 'faza789', 'a2d26a67fbcdf97dfdb0b4fa9511736d', 'siswa', ''),
(581, 'Gina', 'gina234', 'a366e6c3178e26cfdacdd74c47c9f3b6', 'siswa', ''),
(582, 'Hari', 'hari567', '7dcfac8cc7cdf48a70d0dd8c664ad278', 'siswa', ''),
(583, 'Icha', 'icha890', 'd5b30c69f4904ecca6651a4ac21e2840', 'siswa', ''),
(584, 'Juna', 'juna123', 'a2d26a67fbcdf97dfdb0b4fa9511736d', 'siswa', ''),
(585, 'Kira', 'kira456', 'a366e6c3178e26cfdacdd74c47c9f3b6', 'siswa', ''),
(586, 'Luki', 'luki789', '7dcfac8cc7cdf48a70d0dd8c664ad278', 'siswa', ''),
(587, 'Mila', 'mila234', 'd5b30c69f4904ecca6651a4ac21e2840', 'siswa', ''),
(588, 'Nara', 'nara567', 'a2d26a67fbcdf97dfdb0b4fa9511736d', 'siswa', ''),
(589, 'Olla', 'olla890', 'a366e6c3178e26cfdacdd74c47c9f3b6', 'siswa', ''),
(590, 'Pita', 'pita123', '7dcfac8cc7cdf48a70d0dd8c664ad278', 'siswa', ''),
(591, 'Qori', 'qori456', 'd5b30c69f4904ecca6651a4ac21e2840', 'siswa', ''),
(592, 'Rian', 'rian789', 'a2d26a67fbcdf97dfdb0b4fa9511736d', 'siswa', ''),
(593, 'Sita', 'sita234', 'a366e6c3178e26cfdacdd74c47c9f3b6', 'siswa', ''),
(594, 'Tono', 'tono567', '7dcfac8cc7cdf48a70d0dd8c664ad278', 'siswa', ''),
(595, 'Ulya', 'ulya890', 'd5b30c69f4904ecca6651a4ac21e2840', 'siswa', ''),
(596, 'Vina', 'vina123', 'a2d26a67fbcdf97dfdb0b4fa9511736d', 'siswa', ''),
(597, 'Wira', 'wira456', 'a366e6c3178e26cfdacdd74c47c9f3b6', 'siswa', ''),
(598, 'Xara', 'xara789', '7dcfac8cc7cdf48a70d0dd8c664ad278', 'siswa', ''),
(599, 'Yuni', 'yuni234', 'd5b30c69f4904ecca6651a4ac21e2840', 'siswa', ''),
(600, 'Zara', 'zara567', 'a2d26a67fbcdf97dfdb0b4fa9511736d', 'siswa', ''),
(601, 'Alya', 'alya890', 'a366e6c3178e26cfdacdd74c47c9f3b6', 'siswa', ''),
(602, 'Budi', 'budi123', '7dcfac8cc7cdf48a70d0dd8c664ad278', 'siswa', ''),
(603, 'Cita', 'cita456', 'd5b30c69f4904ecca6651a4ac21e2840', 'siswa', ''),
(604, 'Dina', 'dina789', 'a2d26a67fbcdf97dfdb0b4fa9511736d', 'siswa', ''),
(605, 'Ella', 'ella234', 'a366e6c3178e26cfdacdd74c47c9f3b6', 'siswa', ''),
(606, 'Faza', 'faza567', '7dcfac8cc7cdf48a70d0dd8c664ad278', 'siswa', ''),
(607, 'Gina', 'gina890', 'd5b30c69f4904ecca6651a4ac21e2840', 'siswa', ''),
(608, 'Hari', 'hari123', 'a2d26a67fbcdf97dfdb0b4fa9511736d', 'siswa', ''),
(609, 'Icha', 'icha456', 'a366e6c3178e26cfdacdd74c47c9f3b6', 'siswa', ''),
(610, 'Juna', 'juna789', '7dcfac8cc7cdf48a70d0dd8c664ad278', 'siswa', ''),
(611, 'Kira', 'kira234', 'd5b30c69f4904ecca6651a4ac21e2840', 'siswa', ''),
(612, 'Luki', 'luki567', 'a2d26a67fbcdf97dfdb0b4fa9511736d', 'siswa', ''),
(613, 'Mila', 'mila890', 'a366e6c3178e26cfdacdd74c47c9f3b6', 'siswa', ''),
(614, 'Nara', 'nara123', '7dcfac8cc7cdf48a70d0dd8c664ad278', 'siswa', ''),
(615, 'Olla', 'olla456', 'd5b30c69f4904ecca6651a4ac21e2840', 'siswa', ''),
(616, 'Pita', 'pita789', 'a2d26a67fbcdf97dfdb0b4fa9511736d', 'siswa', ''),
(617, 'Qori', 'qori234', 'a366e6c3178e26cfdacdd74c47c9f3b6', 'siswa', ''),
(618, 'Rian', 'rian567', '7dcfac8cc7cdf48a70d0dd8c664ad278', 'siswa', ''),
(619, 'Sita', 'sita890', 'd5b30c69f4904ecca6651a4ac21e2840', 'siswa', ''),
(620, 'Tono', 'tono123', '7dcfac8cc7cdf48a70d0dd8c664ad278', 'siswa', ''),
(621, 'Ulya', 'ulya456', 'a2d26a67fbcdf97dfdb0b4fa9511736d', 'siswa', ''),
(622, 'Vina', 'vina789', 'a366e6c3178e26cfdacdd74c47c9f3b6', 'siswa', ''),
(623, 'Wira', 'wira234', '7dcfac8cc7cdf48a70d0dd8c664ad278', 'siswa', ''),
(624, 'Xara', 'xara567', 'd5b30c69f4904ecca6651a4ac21e2840', 'siswa', ''),
(625, 'Yuni', 'yuni890', 'a2d26a67fbcdf97dfdb0b4fa9511736d', 'siswa', ''),
(626, 'Zara', 'zara123', 'a366e6c3178e26cfdacdd74c47c9f3b6', 'siswa', ''),
(627, 'Alya', 'alya456', '7dcfac8cc7cdf48a70d0dd8c664ad278', 'siswa', ''),
(628, 'Budi', 'budi789', 'd5b30c69f4904ecca6651a4ac21e2840', 'siswa', ''),
(629, 'Cita', 'cita234', 'a2d26a67fbcdf97dfdb0b4fa9511736d', 'siswa', ''),
(630, 'Dina', 'dina567', 'a366e6c3178e26cfdacdd74c47c9f3b6', 'siswa', ''),
(631, 'Ella', 'ella890', '7dcfac8cc7cdf48a70d0dd8c664ad278', 'siswa', ''),
(632, 'Faza', 'faza123', 'd5b30c69f4904ecca6651a4ac21e2840', 'siswa', ''),
(633, 'Gina', 'gina456', 'a2d26a67fbcdf97dfdb0b4fa9511736d', 'siswa', ''),
(634, 'Hari', 'hari789', 'a366e6c3178e26cfdacdd74c47c9f3b6', 'siswa', ''),
(635, 'Icha', 'icha234', '7dcfac8cc7cdf48a70d0dd8c664ad278', 'siswa', ''),
(636, 'Juna', 'juna567', 'd5b30c69f4904ecca6651a4ac21e2840', 'siswa', ''),
(637, 'Kira', 'kira890', 'a2d26a67fbcdf97dfdb0b4fa9511736d', 'siswa', ''),
(638, 'Luki', 'luki123', 'a366e6c3178e26cfdacdd74c47c9f3b6', 'siswa', ''),
(639, 'Mila', 'mila456', '7dcfac8cc7cdf48a70d0dd8c664ad278', 'siswa', ''),
(640, 'Nara', 'nara789', 'd5b30c69f4904ecca6651a4ac21e2840', 'siswa', ''),
(641, 'Olla', 'olla234', 'a2d26a67fbcdf97dfdb0b4fa9511736d', 'siswa', ''),
(642, 'Pita', 'pita567', 'a366e6c3178e26cfdacdd74c47c9f3b6', 'siswa', ''),
(643, 'Qori', 'qori890', '7dcfac8cc7cdf48a70d0dd8c664ad278', 'siswa', ''),
(644, 'Rian', 'rian123', 'd5b30c69f4904ecca6651a4ac21e2840', 'siswa', ''),
(645, 'Sita', 'sita456', 'a2d26a67fbcdf97dfdb0b4fa9511736d', 'siswa', ''),
(646, 'Tono', 'tono789', 'a366e6c3178e26cfdacdd74c47c9f3b6', 'siswa', ''),
(647, 'Ulya', 'ulya234', '7dcfac8cc7cdf48a70d0dd8c664ad278', 'siswa', ''),
(648, 'Vina', 'vina567', 'd5b30c69f4904ecca6651a4ac21e2840', 'siswa', ''),
(649, 'Wira', 'wira890', 'a2d26a67fbcdf97dfdb0b4fa9511736d', 'siswa', ''),
(650, 'Xara', 'xara123', 'a366e6c3178e26cfdacdd74c47c9f3b6', 'siswa', ''),
(651, 'Yuni', 'yuni456', '7dcfac8cc7cdf48a70d0dd8c664ad278', 'siswa', ''),
(652, 'Zara', 'zara789', 'd5b30c69f4904ecca6651a4ac21e2840', 'siswa', ''),
(653, 'Alya', 'alya234', 'a2d26a67fbcdf97dfdb0b4fa9511736d', 'siswa', ''),
(654, 'Budi', 'budi567', 'a366e6c3178e26cfdacdd74c47c9f3b6', 'siswa', ''),
(655, 'Cita', 'cita890', '7dcfac8cc7cdf48a70d0dd8c664ad278', 'siswa', ''),
(656, 'Dina', 'dina123', 'd5b30c69f4904ecca6651a4ac21e2840', 'siswa', ''),
(657, 'Ella', 'ella456', 'a2d26a67fbcdf97dfdb0b4fa9511736d', 'siswa', ''),
(658, 'Faza', 'faza789', 'a366e6c3178e26cfdacdd74c47c9f3b6', 'siswa', ''),
(659, 'Gina', 'gina234', '7dcfac8cc7cdf48a70d0dd8c664ad278', 'siswa', ''),
(660, 'Hari', 'hari567', 'd5b30c69f4904ecca6651a4ac21e2840', 'siswa', ''),
(661, 'Icha', 'icha890', 'a2d26a67fbcdf97dfdb0b4fa9511736d', 'siswa', ''),
(662, 'Juna', 'juna123', 'a366e6c3178e26cfdacdd74c47c9f3b6', 'siswa', ''),
(663, 'Kira', 'kira456', '7dcfac8cc7cdf48a70d0dd8c664ad278', 'siswa', ''),
(664, 'Luki', 'luki789', 'd5b30c69f4904ecca6651a4ac21e2840', 'siswa', ''),
(665, 'Mila', 'mila234', 'a2d26a67fbcdf97dfdb0b4fa9511736d', 'siswa', ''),
(666, 'Nara', 'nara567', 'a366e6c3178e26cfdacdd74c47c9f3b6', 'siswa', ''),
(667, 'Olla', 'olla890', '7dcfac8cc7cdf48a70d0dd8c664ad278', 'siswa', ''),
(668, 'Pita', 'pita123', 'd5b30c69f4904ecca6651a4ac21e2840', 'siswa', ''),
(669, 'Qori', 'qori456', 'a2d26a67fbcdf97dfdb0b4fa9511736d', 'siswa', ''),
(670, 'Rian', 'rian789', 'a366e6c3178e26cfdacdd74c47c9f3b6', 'siswa', ''),
(671, 'Sita', 'sita234', '7dcfac8cc7cdf48a70d0dd8c664ad278', 'siswa', ''),
(672, 'Tono', 'tono567', 'd5b30c69f4904ecca6651a4ac21e2840', 'siswa', ''),
(673, 'Ulya', 'ulya890', 'a2d26a67fbcdf97dfdb0b4fa9511736d', 'siswa', ''),
(674, 'Vina', 'vina123', 'a366e6c3178e26cfdacdd74c47c9f3b6', 'siswa', ''),
(675, 'Wira', 'wira456', '7dcfac8cc7cdf48a70d0dd8c664ad278', 'siswa', ''),
(676, 'Xara', 'xara789', 'd5b30c69f4904ecca6651a4ac21e2840', 'siswa', ''),
(677, 'Yuni', 'yuni234', 'a2d26a67fbcdf97dfdb0b4fa9511736d', 'siswa', ''),
(678, 'Zara', 'zara567', 'a366e6c3178e26cfdacdd74c47c9f3b6', 'siswa', ''),
(679, 'Alya', 'alya890', '7dcfac8cc7cdf48a70d0dd8c664ad278', 'siswa', ''),
(680, 'Budi', 'budi123', 'd5b30c69f4904ecca6651a4ac21e2840', 'siswa', ''),
(681, 'Cita', 'cita456', 'a2d26a67fbcdf97dfdb0b4fa9511736d', 'siswa', ''),
(682, 'Dina', 'dina789', 'a366e6c3178e26cfdacdd74c47c9f3b6', 'siswa', ''),
(683, 'Ella', 'ella234', '7dcfac8cc7cdf48a70d0dd8c664ad278', 'siswa', ''),
(684, 'Faza', 'faza567', 'd5b30c69f4904ecca6651a4ac21e2840', 'siswa', ''),
(685, 'Gina', 'gina890', 'a2d26a67fbcdf97dfdb0b4fa9511736d', 'siswa', ''),
(686, 'Hari', 'hari123', 'a366e6c3178e26cfdacdd74c47c9f3b6', 'siswa', ''),
(687, 'Icha', 'icha456', '7dcfac8cc7cdf48a70d0dd8c664ad278', 'siswa', ''),
(688, 'Juna', 'juna789', 'd5b30c69f4904ecca6651a4ac21e2840', 'siswa', ''),
(689, 'Kira', 'kira234', 'a2d26a67fbcdf97dfdb0b4fa9511736d', 'siswa', ''),
(690, 'Luki', 'luki567', 'a366e6c3178e26cfdacdd74c47c9f3b6', 'siswa', ''),
(691, 'Mila', 'mila890', '7dcfac8cc7cdf48a70d0dd8c664ad278', 'siswa', ''),
(692, 'Nara', 'nara123', 'd5b30c69f4904ecca6651a4ac21e2840', 'siswa', ''),
(693, 'Olla', 'olla456', 'a2d26a67fbcdf97dfdb0b4fa9511736d', 'siswa', ''),
(694, 'Pita', 'pita789', 'a366e6c3178e26cfdacdd74c47c9f3b6', 'siswa', ''),
(695, 'Qori', 'qori234', '7dcfac8cc7cdf48a70d0dd8c664ad278', 'siswa', ''),
(696, 'Rian', 'rian567', 'd5b30c69f4904ecca6651a4ac21e2840', 'siswa', ''),
(697, 'Sita', 'sita890', 'a2d26a67fbcdf97dfdb0b4fa9511736d', 'siswa', ''),
(698, 'Tono', 'tono123', 'a366e6c3178e26cfdacdd74c47c9f3b6', 'siswa', ''),
(699, 'Ulya', 'ulya456', '7dcfac8cc7cdf48a70d0dd8c664ad278', 'siswa', ''),
(700, 'Vina', 'vina789', 'd5b30c69f4904ecca6651a4ac21e2840', 'siswa', ''),
(701, 'Wira', 'wira234', 'a2d26a67fbcdf97dfdb0b4fa9511736d', 'siswa', ''),
(702, 'Xara', 'xara567', 'a366e6c3178e26cfdacdd74c47c9f3b6', 'siswa', ''),
(703, 'Yuni', 'yuni890', '7dcfac8cc7cdf48a70d0dd8c664ad278', 'siswa', ''),
(704, 'Zara', 'zara123', 'd5b30c69f4904ecca6651a4ac21e2840', 'siswa', ''),
(705, 'Alya', 'alya456', 'a2d26a67fbcdf97dfdb0b4fa9511736d', 'siswa', ''),
(706, 'Budi', 'budi789', 'a366e6c3178e26cfdacdd74c47c9f3b6', 'siswa', ''),
(707, 'Cita', 'cita234', '7dcfac8cc7cdf48a70d0dd8c664ad278', 'siswa', ''),
(708, 'Dina', 'dina567', 'd5b30c69f4904ecca6651a4ac21e2840', 'siswa', ''),
(709, 'Ella', 'ella890', 'a2d26a67fbcdf97dfdb0b4fa9511736d', 'siswa', ''),
(710, 'Faza', 'faza123', 'a366e6c3178e26cfdacdd74c47c9f3b6', 'siswa', ''),
(711, 'Gina', 'gina456', '7dcfac8cc7cdf48a70d0dd8c664ad278', 'siswa', ''),
(712, 'Hari', 'hari789', 'd5b30c69f4904ecca6651a4ac21e2840', 'siswa', ''),
(713, 'Icha', 'icha234', 'a2d26a67fbcdf97dfdb0b4fa9511736d', 'siswa', ''),
(714, 'Juna', 'juna567', 'a366e6c3178e26cfdacdd74c47c9f3b6', 'siswa', ''),
(715, 'Kira', 'kira890', '7dcfac8cc7cdf48a70d0dd8c664ad278', 'siswa', ''),
(716, 'Luki', 'luki123', 'd5b30c69f4904ecca6651a4ac21e2840', 'siswa', ''),
(717, 'Mila', 'mila456', 'a2d26a67fbcdf97dfdb0b4fa9511736d', 'siswa', ''),
(718, 'Nara', 'nara789', 'a366e6c3178e26cfdacdd74c47c9f3b6', 'siswa', ''),
(719, 'Olla', 'olla234', '7dcfac8cc7cdf48a70d0dd8c664ad278', 'siswa', ''),
(720, 'Pita', 'pita567', 'd5b30c69f4904ecca6651a4ac21e2840', 'siswa', ''),
(721, 'Qori', 'qori890', 'a2d26a67fbcdf97dfdb0b4fa9511736d', 'siswa', ''),
(722, 'Rian', 'rian123', 'a366e6c3178e26cfdacdd74c47c9f3b6', 'siswa', ''),
(723, 'Sita', 'sita456', '7dcfac8cc7cdf48a70d0dd8c664ad278', 'siswa', ''),
(724, 'Tono', 'tono789', 'd5b30c69f4904ecca6651a4ac21e2840', 'siswa', ''),
(725, 'Ulya', 'ulya234', 'a2d26a67fbcdf97dfdb0b4fa9511736d', 'siswa', ''),
(726, 'Vina', 'vina567', 'a366e6c3178e26cfdacdd74c47c9f3b6', 'siswa', ''),
(727, 'Wira', 'wira890', '7dcfac8cc7cdf48a70d0dd8c664ad278', 'siswa', ''),
(728, 'Xara', 'xara123', 'd5b30c69f4904ecca6651a4ac21e2840', 'siswa', ''),
(729, 'Yuni', 'yuni456', 'a2d26a67fbcdf97dfdb0b4fa9511736d', 'siswa', ''),
(730, 'Zara', 'zara789', 'a366e6c3178e26cfdacdd74c47c9f3b6', 'siswa', ''),
(731, 'Alya', 'alya234', '7dcfac8cc7cdf48a70d0dd8c664ad278', 'siswa', ''),
(732, 'Budi', 'budi567', 'd5b30c69f4904ecca6651a4ac21e2840', 'siswa', ''),
(733, 'Cita', 'cita890', 'a2d26a67fbcdf97dfdb0b4fa9511736d', 'siswa', ''),
(734, 'Dina', 'dina123', 'a366e6c3178e26cfdacdd74c47c9f3b6', 'siswa', ''),
(735, 'Ella', 'ella456', '7dcfac8cc7cdf48a70d0dd8c664ad278', 'siswa', ''),
(736, 'Faza', 'faza789', 'd5b30c69f4904ecca6651a4ac21e2840', 'siswa', ''),
(737, 'Gina', 'gina234', 'a2d26a67fbcdf97dfdb0b4fa9511736d', 'siswa', ''),
(738, 'Hari', 'hari567', 'a366e6c3178e26cfdacdd74c47c9f3b6', 'siswa', ''),
(739, 'Icha', 'icha890', '7dcfac8cc7cdf48a70d0dd8c664ad278', 'siswa', ''),
(740, 'Juna', 'juna123', 'd5b30c69f4904ecca6651a4ac21e2840', 'siswa', ''),
(741, 'Kira', 'kira456', 'a2d26a67fbcdf97dfdb0b4fa9511736d', 'siswa', ''),
(742, 'Luki', 'luki789', 'a366e6c3178e26cfdacdd74c47c9f3b6', 'siswa', ''),
(743, 'Mila', 'mila234', '7dcfac8cc7cdf48a70d0dd8c664ad278', 'siswa', ''),
(744, 'Nara', 'nara567', 'd5b30c69f4904ecca6651a4ac21e2840', 'siswa', ''),
(745, 'Olla', 'olla890', 'a2d26a67fbcdf97dfdb0b4fa9511736d', 'siswa', ''),
(746, 'Pita', 'pita123', 'a366e6c3178e26cfdacdd74c47c9f3b6', 'siswa', ''),
(747, 'Qori', 'qori456', '7dcfac8cc7cdf48a70d0dd8c664ad278', 'siswa', ''),
(748, 'Rian', 'rian789', 'd5b30c69f4904ecca6651a4ac21e2840', 'siswa', ''),
(749, 'Sita', 'sita234', 'a2d26a67fbcdf97dfdb0b4fa9511736d', 'siswa', ''),
(750, 'Tono', 'tono567', 'a366e6c3178e26cfdacdd74c47c9f3b6', 'siswa', ''),
(751, 'Ulya', 'ulya890', '7dcfac8cc7cdf48a70d0dd8c664ad278', 'siswa', ''),
(752, 'Vina', 'vina123', 'd5b30c69f4904ecca6651a4ac21e2840', 'siswa', ''),
(753, 'Wira', 'wira456', 'a2d26a67fbcdf97dfdb0b4fa9511736d', 'siswa', ''),
(754, 'Xara', 'xara789', 'a366e6c3178e26cfdacdd74c47c9f3b6', 'siswa', ''),
(755, 'Yuni', 'yuni234', '7dcfac8cc7cdf48a70d0dd8c664ad278', 'siswa', ''),
(756, 'Zara', 'zara567', 'd5b30c69f4904ecca6651a4ac21e2840', 'siswa', ''),
(757, 'Alya', 'alya890', 'a2d26a67fbcdf97dfdb0b4fa9511736d', 'siswa', ''),
(758, 'Budi', 'budi123', 'a366e6c3178e26cfdacdd74c47c9f3b6', 'siswa', ''),
(759, 'Cita', 'cita456', '7dcfac8cc7cdf48a70d0dd8c664ad278', 'siswa', ''),
(760, 'Dina', 'dina789', 'd5b30c69f4904ecca6651a4ac21e2840', 'siswa', ''),
(761, 'Ella', 'ella234', 'a2d26a67fbcdf97dfdb0b4fa9511736d', 'siswa', ''),
(762, 'Faza', 'faza567', 'a366e6c3178e26cfdacdd74c47c9f3b6', 'siswa', ''),
(763, 'Gina', 'gina890', '7dcfac8cc7cdf48a70d0dd8c664ad278', 'siswa', ''),
(764, 'Hari', 'hari123', 'd5b30c69f4904ecca6651a4ac21e2840', 'siswa', ''),
(765, 'Icha', 'icha456', 'a2d26a67fbcdf97dfdb0b4fa9511736d', 'siswa', ''),
(766, 'Juna', 'juna789', 'a366e6c3178e26cfdacdd74c47c9f3b6', 'siswa', ''),
(767, 'Kira', 'kira234', '7dcfac8cc7cdf48a70d0dd8c664ad278', 'siswa', ''),
(768, 'Luki', 'luki567', 'd5b30c69f4904ecca6651a4ac21e2840', 'siswa', ''),
(769, 'Mila', 'mila890', 'a2d26a67fbcdf97dfdb0b4fa9511736d', 'siswa', ''),
(770, 'Nara', 'nara123', 'a366e6c3178e26cfdacdd74c47c9f3b6', 'siswa', ''),
(771, 'Olla', 'olla456', '7dcfac8cc7cdf48a70d0dd8c664ad278', 'siswa', ''),
(772, 'Pita', 'pita789', 'd5b30c69f4904ecca6651a4ac21e2840', 'siswa', ''),
(773, 'Qori', 'qori234', 'a2d26a67fbcdf97dfdb0b4fa9511736d', 'siswa', ''),
(774, 'Rian', 'rian567', 'a366e6c3178e26cfdacdd74c47c9f3b6', 'siswa', ''),
(775, 'Sita', 'sita890', '7dcfac8cc7cdf48a70d0dd8c664ad278', 'siswa', ''),
(776, 'Tono', 'tono123', 'd5b30c69f4904ecca6651a4ac21e2840', 'siswa', ''),
(777, 'Ulya', 'ulya456', 'a2d26a67fbcdf97dfdb0b4fa9511736d', 'siswa', ''),
(778, 'Vina', 'vina789', 'a366e6c3178e26cfdacdd74c47c9f3b6', 'siswa', ''),
(779, 'Wira', 'wira234', '7dcfac8cc7cdf48a70d0dd8c664ad278', 'siswa', ''),
(780, 'Xara', 'xara567', 'd5b30c69f4904ecca6651a4ac21e2840', 'siswa', ''),
(781, 'Yuni', 'yuni890', 'a2d26a67fbcdf97dfdb0b4fa9511736d', 'siswa', ''),
(782, 'Zara', 'zara123', 'a366e6c3178e26cfdacdd74c47c9f3b6', 'siswa', ''),
(783, 'Alya', 'alya456', '7dcfac8cc7cdf48a70d0dd8c664ad278', 'siswa', ''),
(784, 'Budi', 'budi789', 'd5b30c69f4904ecca6651a4ac21e2840', 'siswa', ''),
(785, 'Cita', 'cita234', 'a2d26a67fbcdf97dfdb0b4fa9511736d', 'siswa', ''),
(786, 'Dina', 'dina567', 'a366e6c3178e26cfdacdd74c47c9f3b6', 'siswa', ''),
(787, 'Ella', 'ella890', '7dcfac8cc7cdf48a70d0dd8c664ad278', 'siswa', ''),
(788, 'Faza', 'faza123', 'd5b30c69f4904ecca6651a4ac21e2840', 'siswa', ''),
(789, 'Gina', 'gina456', 'a2d26a67fbcdf97dfdb0b4fa9511736d', 'siswa', ''),
(790, 'Hari', 'hari789', 'a366e6c3178e26cfdacdd74c47c9f3b6', 'siswa', ''),
(791, 'Icha', 'icha234', '7dcfac8cc7cdf48a70d0dd8c664ad278', 'siswa', ''),
(792, 'Juna', 'juna567', 'd5b30c69f4904ecca6651a4ac21e2840', 'siswa', ''),
(793, 'Cita', 'cita890', 'd5b30c69f4904ecca6651a4ac21e2840', 'siswa', ''),
(794, 'Cita', 'cita890', 'd5b30c69f4904ecca6651a4ac21e2840', 'siswa', ''),
(795, 'Dina', 'dina123', 'a2d26a67fbcdf97dfdb0b4fa9511736d', 'siswa', ''),
(796, 'Ella', 'ella456', 'a366e6c3178e26cfdacdd74c47c9f3b6', 'siswa', ''),
(797, 'Faza', 'faza789', '7dcfac8cc7cdf48a70d0dd8c664ad278', 'siswa', ''),
(798, 'Gina', 'gina234', 'd5b30c69f4904ecca6651a4ac21e2840', 'siswa', ''),
(799, 'Hari', 'hari567', 'a2d26a67fbcdf97dfdb0b4fa9511736d', 'siswa', ''),
(800, 'Icha', 'icha890', 'a366e6c3178e26cfdacdd74c47c9f3b6', 'siswa', ''),
(801, 'Juna', 'juna123', '7dcfac8cc7cdf48a70d0dd8c664ad278', 'siswa', ''),
(802, 'Kira', 'kira456', 'd5b30c69f4904ecca6651a4ac21e2840', 'siswa', ''),
(803, 'Luki', 'luki789', 'a2d26a67fbcdf97dfdb0b4fa9511736d', 'siswa', ''),
(804, 'Mila', 'mila234', 'a366e6c3178e26cfdacdd74c47c9f3b6', 'siswa', ''),
(805, 'Nara', 'nara567', '7dcfac8cc7cdf48a70d0dd8c664ad278', 'siswa', ''),
(806, 'Olla', 'olla890', 'd5b30c69f4904ecca6651a4ac21e2840', 'siswa', ''),
(807, 'Pita', 'pita123', 'a2d26a67fbcdf97dfdb0b4fa9511736d', 'siswa', ''),
(808, 'Qori', 'qori456', 'a366e6c3178e26cfdacdd74c47c9f3b6', 'siswa', ''),
(809, 'Rian', 'rian789', '7dcfac8cc7cdf48a70d0dd8c664ad278', 'siswa', ''),
(810, 'Sita', 'sita234', 'd5b30c69f4904ecca6651a4ac21e2840', 'siswa', ''),
(811, 'Tono', 'tono567', 'a2d26a67fbcdf97dfdb0b4fa9511736d', 'siswa', ''),
(812, 'Ulya', 'ulya890', 'a366e6c3178e26cfdacdd74c47c9f3b6', 'siswa', ''),
(813, 'Vina', 'vina123', '7dcfac8cc7cdf48a70d0dd8c664ad278', 'siswa', ''),
(814, 'Wira', 'wira456', 'd5b30c69f4904ecca6651a4ac21e2840', 'siswa', ''),
(815, 'Xara', 'xara789', 'a2d26a67fbcdf97dfdb0b4fa9511736d', 'siswa', ''),
(816, 'Yuni', 'yuni234', 'a366e6c3178e26cfdacdd74c47c9f3b6', 'siswa', ''),
(817, 'Zara', 'zara567', '7dcfac8cc7cdf48a70d0dd8c664ad278', 'siswa', ''),
(818, 'Alya', 'alya890', 'd5b30c69f4904ecca6651a4ac21e2840', 'siswa', ''),
(819, 'Budi', 'budi123', 'a2d26a67fbcdf97dfdb0b4fa9511736d', 'siswa', ''),
(820, 'Cita', 'cita456', 'a366e6c3178e26cfdacdd74c47c9f3b6', 'siswa', ''),
(821, 'Dina', 'dina789', '7dcfac8cc7cdf48a70d0dd8c664ad278', 'siswa', ''),
(822, 'Ella', 'ella234', 'd5b30c69f4904ecca6651a4ac21e2840', 'siswa', ''),
(823, 'Faza', 'faza567', 'a2d26a67fbcdf97dfdb0b4fa9511736d', 'siswa', ''),
(824, 'Gina', 'gina890', 'a366e6c3178e26cfdacdd74c47c9f3b6', 'siswa', ''),
(825, 'Hari', 'hari123', '7dcfac8cc7cdf48a70d0dd8c664ad278', 'siswa', ''),
(826, 'Icha', 'icha456', 'd5b30c69f4904ecca6651a4ac21e2840', 'siswa', ''),
(827, 'Juna', 'juna789', 'a2d26a67fbcdf97dfdb0b4fa9511736d', 'siswa', ''),
(828, 'Kira', 'kira234', 'a366e6c3178e26cfdacdd74c47c9f3b6', 'siswa', ''),
(829, 'Luki', 'luki567', '7dcfac8cc7cdf48a70d0dd8c664ad278', 'siswa', ''),
(830, 'Mila', 'mila890', 'd5b30c69f4904ecca6651a4ac21e2840', 'siswa', ''),
(831, 'Nara', 'nara123', 'a2d26a67fbcdf97dfdb0b4fa9511736d', 'siswa', ''),
(832, 'Olla', 'olla456', 'a366e6c3178e26cfdacdd74c47c9f3b6', 'siswa', ''),
(833, 'Pita', 'pita789', '7dcfac8cc7cdf48a70d0dd8c664ad278', 'siswa', ''),
(834, 'Qori', 'qori234', 'd5b30c69f4904ecca6651a4ac21e2840', 'siswa', ''),
(835, 'Rian', 'rian567', 'a2d26a67fbcdf97dfdb0b4fa9511736d', 'siswa', ''),
(836, 'Sita', 'sita890', 'a366e6c3178e26cfdacdd74c47c9f3b6', 'siswa', ''),
(837, 'Tono', 'tono123', '7dcfac8cc7cdf48a70d0dd8c664ad278', 'siswa', ''),
(838, 'Ulya', 'ulya456', 'd5b30c69f4904ecca6651a4ac21e2840', 'siswa', ''),
(839, 'Vina', 'vina789', 'a2d26a67fbcdf97dfdb0b4fa9511736d', 'siswa', ''),
(840, 'Wira', 'wira234', 'a366e6c3178e26cfdacdd74c47c9f3b6', 'siswa', ''),
(841, 'Xara', 'xara567', '7dcfac8cc7cdf48a70d0dd8c664ad278', 'siswa', ''),
(842, 'Yuni', 'yuni890', 'd5b30c69f4904ecca6651a4ac21e2840', 'siswa', ''),
(843, 'Zara', 'zara123', 'a2d26a67fbcdf97dfdb0b4fa9511736d', 'siswa', ''),
(844, 'Alya', 'alya456', 'a366e6c3178e26cfdacdd74c47c9f3b6', 'siswa', ''),
(845, 'Budi', 'budi789', '7dcfac8cc7cdf48a70d0dd8c664ad278', 'siswa', ''),
(846, 'Cita', 'cita234', 'd5b30c69f4904ecca6651a4ac21e2840', 'siswa', ''),
(847, 'Dina', 'dina567', 'a2d26a67fbcdf97dfdb0b4fa9511736d', 'siswa', ''),
(848, 'Ella', 'ella890', 'a366e6c3178e26cfdacdd74c47c9f3b6', 'siswa', ''),
(849, 'Faza', 'faza123', '7dcfac8cc7cdf48a70d0dd8c664ad278', 'siswa', ''),
(850, 'Gina', 'gina456', 'd5b30c69f4904ecca6651a4ac21e2840', 'siswa', ''),
(851, 'Hari', 'hari789', 'a2d26a67fbcdf97dfdb0b4fa9511736d', 'siswa', ''),
(852, 'Icha', 'icha234', 'a366e6c3178e26cfdacdd74c47c9f3b6', 'siswa', ''),
(853, 'Juna', 'juna567', '7dcfac8cc7cdf48a70d0dd8c664ad278', 'siswa', ''),
(854, 'Kira', 'kira890', 'd5b30c69f4904ecca6651a4ac21e2840', 'siswa', ''),
(855, 'Luki', 'luki123', 'a2d26a67fbcdf97dfdb0b4fa9511736d', 'siswa', ''),
(856, 'Mila', 'mila456', 'a366e6c3178e26cfdacdd74c47c9f3b6', 'siswa', ''),
(857, 'Nara', 'nara789', '7dcfac8cc7cdf48a70d0dd8c664ad278', 'siswa', ''),
(858, 'Olla', 'olla234', 'd5b30c69f4904ecca6651a4ac21e2840', 'siswa', ''),
(859, 'Pita', 'pita567', 'a2d26a67fbcdf97dfdb0b4fa9511736d', 'siswa', ''),
(860, 'Qori', 'qori890', 'a366e6c3178e26cfdacdd74c47c9f3b6', 'siswa', ''),
(861, 'Rian', 'rian123', '7dcfac8cc7cdf48a70d0dd8c664ad278', 'siswa', ''),
(862, 'Sita', 'sita456', 'd5b30c69f4904ecca6651a4ac21e2840', 'siswa', ''),
(863, 'Tono', 'tono789', 'a2d26a67fbcdf97dfdb0b4fa9511736d', 'siswa', ''),
(864, 'Ulya', 'ulya234', 'a366e6c3178e26cfdacdd74c47c9f3b6', 'siswa', ''),
(865, 'Vina', 'vina567', '7dcfac8cc7cdf48a70d0dd8c664ad278', 'siswa', ''),
(866, 'Wira', 'wira890', 'd5b30c69f4904ecca6651a4ac21e2840', 'siswa', ''),
(867, 'Xara', 'xara123', 'a2d26a67fbcdf97dfdb0b4fa9511736d', 'siswa', ''),
(868, 'Yuni', 'yuni456', 'a366e6c3178e26cfdacdd74c47c9f3b6', 'siswa', ''),
(869, 'Zara', 'zara789', '7dcfac8cc7cdf48a70d0dd8c664ad278', 'siswa', ''),
(870, 'Alya', 'alya234', 'd5b30c69f4904ecca6651a4ac21e2840', 'siswa', ''),
(871, 'Budi', 'budi567', 'a2d26a67fbcdf97dfdb0b4fa9511736d', 'siswa', ''),
(872, 'Cita', 'cita890', 'a366e6c3178e26cfdacdd74c47c9f3b6', 'siswa', ''),
(873, 'Dina', 'dina123', '7dcfac8cc7cdf48a70d0dd8c664ad278', 'siswa', ''),
(874, 'Ella', 'ella456', 'd5b30c69f4904ecca6651a4ac21e2840', 'siswa', ''),
(875, 'Faza', 'faza789', 'a2d26a67fbcdf97dfdb0b4fa9511736d', 'siswa', ''),
(876, 'Gina', 'gina234', 'a366e6c3178e26cfdacdd74c47c9f3b6', 'siswa', ''),
(877, 'Hari', 'hari567', '7dcfac8cc7cdf48a70d0dd8c664ad278', 'siswa', ''),
(878, 'Icha', 'icha890', 'd5b30c69f4904ecca6651a4ac21e2840', 'siswa', ''),
(879, 'Juna', 'juna123', 'a2d26a67fbcdf97dfdb0b4fa9511736d', 'siswa', ''),
(880, 'Kira', 'kira456', 'a366e6c3178e26cfdacdd74c47c9f3b6', 'siswa', ''),
(881, 'Luki', 'luki789', '7dcfac8cc7cdf48a70d0dd8c664ad278', 'siswa', ''),
(882, 'Mila', 'mila234', 'd5b30c69f4904ecca6651a4ac21e2840', 'siswa', ''),
(883, 'Nara', 'nara567', 'a2d26a67fbcdf97dfdb0b4fa9511736d', 'siswa', ''),
(884, 'Olla', 'olla890', 'a366e6c3178e26cfdacdd74c47c9f3b6', 'siswa', ''),
(885, 'Pita', 'pita123', '7dcfac8cc7cdf48a70d0dd8c664ad278', 'siswa', ''),
(886, 'Qori', 'qori456', 'd5b30c69f4904ecca6651a4ac21e2840', 'siswa', ''),
(887, 'Rian', 'rian789', 'a2d26a67fbcdf97dfdb0b4fa9511736d', 'siswa', ''),
(888, 'Sita', 'sita234', 'a366e6c3178e26cfdacdd74c47c9f3b6', 'siswa', ''),
(889, 'Tono', 'tono567', '7dcfac8cc7cdf48a70d0dd8c664ad278', 'siswa', ''),
(890, 'Ulya', 'ulya890', 'd5b30c69f4904ecca6651a4ac21e2840', 'siswa', ''),
(891, 'Vina', 'vina123', 'a2d26a67fbcdf97dfdb0b4fa9511736d', 'siswa', ''),
(892, 'Wira', 'wira456', 'a366e6c3178e26cfdacdd74c47c9f3b6', 'siswa', ''),
(893, 'Xara', 'xara789', '7dcfac8cc7cdf48a70d0dd8c664ad278', 'siswa', ''),
(894, 'Yuni', 'yuni234', 'd5b30c69f4904ecca6651a4ac21e2840', 'siswa', ''),
(895, 'Zara', 'zara567', 'a2d26a67fbcdf97dfdb0b4fa9511736d', 'siswa', ''),
(896, 'Alya', 'alya890', 'a366e6c3178e26cfdacdd74c47c9f3b6', 'siswa', ''),
(897, 'Budi', 'budi123', '7dcfac8cc7cdf48a70d0dd8c664ad278', 'siswa', ''),
(898, 'Cita', 'cita456', 'd5b30c69f4904ecca6651a4ac21e2840', 'siswa', ''),
(899, 'Dina', 'dina789', 'a2d26a67fbcdf97dfdb0b4fa9511736d', 'siswa', ''),
(900, 'Ella', 'ella234', 'a366e6c3178e26cfdacdd74c47c9f3b6', 'siswa', ''),
(901, 'Faza', 'faza567', '7dcfac8cc7cdf48a70d0dd8c664ad278', 'siswa', ''),
(902, 'Gina', 'gina890', 'd5b30c69f4904ecca6651a4ac21e2840', 'siswa', ''),
(903, 'Hari', 'hari123', 'a2d26a67fbcdf97dfdb0b4fa9511736d', 'siswa', ''),
(904, 'Icha', 'icha456', 'a366e6c3178e26cfdacdd74c47c9f3b6', 'siswa', ''),
(905, 'Juna', 'juna789', '7dcfac8cc7cdf48a70d0dd8c664ad278', 'siswa', ''),
(906, 'Kira', 'kira234', 'd5b30c69f4904ecca6651a4ac21e2840', 'siswa', ''),
(907, 'Luki', 'luki567', 'a2d26a67fbcdf97dfdb0b4fa9511736d', 'siswa', ''),
(908, 'Mila', 'mila890', 'a366e6c3178e26cfdacdd74c47c9f3b6', 'siswa', ''),
(909, 'Nara', 'nara123', '7dcfac8cc7cdf48a70d0dd8c664ad278', 'siswa', ''),
(910, 'Olla', 'olla456', 'd5b30c69f4904ecca6651a4ac21e2840', 'siswa', ''),
(911, 'Pita', 'pita789', 'a2d26a67fbcdf97dfdb0b4fa9511736d', 'siswa', ''),
(912, 'Qori', 'qori234', 'a366e6c3178e26cfdacdd74c47c9f3b6', 'siswa', ''),
(913, 'Rian', 'rian567', '7dcfac8cc7cdf48a70d0dd8c664ad278', 'siswa', ''),
(914, 'Sita', 'sita890', 'd5b30c69f4904ecca6651a4ac21e2840', 'siswa', ''),
(915, 'Tono', 'tono123', 'a2d26a67fbcdf97dfdb0b4fa9511736d', 'siswa', ''),
(916, 'Ulya', 'ulya456', 'a366e6c3178e26cfdacdd74c47c9f3b6', 'siswa', ''),
(917, 'Vina', 'vina789', '7dcfac8cc7cdf48a70d0dd8c664ad278', 'siswa', ''),
(918, 'Wira', 'wira234', 'd5b30c69f4904ecca6651a4ac21e2840', 'siswa', ''),
(919, 'Xara', 'xara567', 'a2d26a67fbcdf97dfdb0b4fa9511736d', 'siswa', ''),
(920, 'Yuni', 'yuni890', 'a366e6c3178e26cfdacdd74c47c9f3b6', 'siswa', ''),
(921, 'Zara', 'zara123', '7dcfac8cc7cdf48a70d0dd8c664ad278', 'siswa', ''),
(922, 'Alya', 'alya456', 'd5b30c69f4904ecca6651a4ac21e2840', 'siswa', ''),
(923, 'Budi', 'budi789', 'a2d26a67fbcdf97dfdb0b4fa9511736d', 'siswa', ''),
(924, 'Dina', 'dina123', 'a2d26a67fbcdf97dfdb0b4fa9511736d', 'siswa', ''),
(925, 'Ella', 'ella456', 'a366e6c3178e26cfdacdd74c47c9f3b6', 'siswa', ''),
(926, 'Faza', 'faza789', '7dcfac8cc7cdf48a70d0dd8c664ad278', 'siswa', ''),
(927, 'Gina', 'gina234', 'd5b30c69f4904ecca6651a4ac21e2840', 'siswa', ''),
(928, 'Hari', 'hari567', 'a2d26a67fbcdf97dfdb0b4fa9511736d', 'siswa', ''),
(929, 'Icha', 'icha890', 'a366e6c3178e26cfdacdd74c47c9f3b6', 'siswa', ''),
(930, 'Juna', 'juna123', '7dcfac8cc7cdf48a70d0dd8c664ad278', 'siswa', ''),
(931, 'Kira', 'kira456', 'd5b30c69f4904ecca6651a4ac21e2840', 'siswa', ''),
(932, 'Luki', 'luki789', 'a2d26a67fbcdf97dfdb0b4fa9511736d', 'siswa', ''),
(933, 'Mila', 'mila234', 'a366e6c3178e26cfdacdd74c47c9f3b6', 'siswa', ''),
(934, 'Nara', 'nara567', '7dcfac8cc7cdf48a70d0dd8c664ad278', 'siswa', ''),
(935, 'Olla', 'olla890', 'd5b30c69f4904ecca6651a4ac21e2840', 'siswa', ''),
(936, 'Pita', 'pita123', 'a2d26a67fbcdf97dfdb0b4fa9511736d', 'siswa', ''),
(937, 'Qori', 'qori456', 'a366e6c3178e26cfdacdd74c47c9f3b6', 'siswa', ''),
(938, 'Rian', 'rian789', '7dcfac8cc7cdf48a70d0dd8c664ad278', 'siswa', ''),
(939, 'Sita', 'sita234', 'd5b30c69f4904ecca6651a4ac21e2840', 'siswa', ''),
(940, 'Tono', 'tono567', 'a2d26a67fbcdf97dfdb0b4fa9511736d', 'siswa', ''),
(941, 'Ulya', 'ulya890', 'a366e6c3178e26cfdacdd74c47c9f3b6', 'siswa', ''),
(942, 'Vina', 'vina123', '7dcfac8cc7cdf48a70d0dd8c664ad278', 'siswa', ''),
(943, 'Wira', 'wira456', 'd5b30c69f4904ecca6651a4ac21e2840', 'siswa', ''),
(944, 'Xara', 'xara789', 'a2d26a67fbcdf97dfdb0b4fa9511736d', 'siswa', ''),
(945, 'Yuni', 'yuni234', 'a366e6c3178e26cfdacdd74c47c9f3b6', 'siswa', ''),
(946, 'Zara', 'zara567', '7dcfac8cc7cdf48a70d0dd8c664ad278', 'siswa', ''),
(947, 'Alya', 'alya890', 'd5b30c69f4904ecca6651a4ac21e2840', 'siswa', ''),
(948, 'Budi', 'budi123', 'a2d26a67fbcdf97dfdb0b4fa9511736d', 'siswa', ''),
(949, 'Cita', 'cita456', 'a366e6c3178e26cfdacdd74c47c9f3b6', 'siswa', ''),
(950, 'Dina', 'dina789', '7dcfac8cc7cdf48a70d0dd8c664ad278', 'siswa', '');
INSERT INTO `user` (`id_user`, `nama`, `username`, `password`, `level`, `foto`) VALUES
(951, 'Ella', 'ella234', 'd5b30c69f4904ecca6651a4ac21e2840', 'siswa', ''),
(952, 'Faza', 'faza567', 'a2d26a67fbcdf97dfdb0b4fa9511736d', 'siswa', ''),
(953, 'Gina', 'gina890', 'a366e6c3178e26cfdacdd74c47c9f3b6', 'siswa', ''),
(954, 'Hari', 'hari123', '7dcfac8cc7cdf48a70d0dd8c664ad278', 'siswa', ''),
(955, 'Icha', 'icha456', 'd5b30c69f4904ecca6651a4ac21e2840', 'siswa', ''),
(956, 'Juna', 'juna789', 'a2d26a67fbcdf97dfdb0b4fa9511736d', 'siswa', ''),
(957, 'Kira', 'kira234', 'a366e6c3178e26cfdacdd74c47c9f3b6', 'siswa', ''),
(958, 'Luki', 'luki567', '7dcfac8cc7cdf48a70d0dd8c664ad278', 'siswa', ''),
(959, 'Mila', 'mila890', 'd5b30c69f4904ecca6651a4ac21e2840', 'siswa', ''),
(960, 'Nara', 'nara123', 'a2d26a67fbcdf97dfdb0b4fa9511736d', 'siswa', ''),
(961, 'Olla', 'olla456', 'a366e6c3178e26cfdacdd74c47c9f3b6', 'siswa', ''),
(962, 'Pita', 'pita789', '7dcfac8cc7cdf48a70d0dd8c664ad278', 'siswa', ''),
(963, 'Qori', 'qori234', 'd5b30c69f4904ecca6651a4ac21e2840', 'siswa', ''),
(964, 'Rian', 'rian567', 'a2d26a67fbcdf97dfdb0b4fa9511736d', 'siswa', ''),
(965, 'Sita', 'sita890', 'a366e6c3178e26cfdacdd74c47c9f3b6', 'siswa', ''),
(966, 'Tono', 'tono123', '7dcfac8cc7cdf48a70d0dd8c664ad278', 'siswa', ''),
(967, 'Ulya', 'ulya456', 'd5b30c69f4904ecca6651a4ac21e2840', 'siswa', ''),
(968, 'Vina', 'vina789', 'a2d26a67fbcdf97dfdb0b4fa9511736d', 'siswa', ''),
(969, 'Wira', 'wira234', 'a366e6c3178e26cfdacdd74c47c9f3b6', 'siswa', ''),
(970, 'Xara', 'xara567', '7dcfac8cc7cdf48a70d0dd8c664ad278', 'siswa', ''),
(971, 'Yuni', 'yuni890', 'd5b30c69f4904ecca6651a4ac21e2840', 'siswa', ''),
(972, 'Zara', 'zara123', 'a2d26a67fbcdf97dfdb0b4fa9511736d', 'siswa', ''),
(973, 'Alya', 'alya456', 'a366e6c3178e26cfdacdd74c47c9f3b6', 'siswa', ''),
(974, 'Budi', 'budi789', '7dcfac8cc7cdf48a70d0dd8c664ad278', 'siswa', ''),
(975, 'Cita', 'cita234', 'd5b30c69f4904ecca6651a4ac21e2840', 'siswa', ''),
(976, 'Dina', 'dina567', 'a2d26a67fbcdf97dfdb0b4fa9511736d', 'siswa', ''),
(977, 'Ella', 'ella890', 'a366e6c3178e26cfdacdd74c47c9f3b6', 'siswa', ''),
(978, 'Faza', 'faza123', '7dcfac8cc7cdf48a70d0dd8c664ad278', 'siswa', ''),
(979, 'Gina', 'gina456', 'd5b30c69f4904ecca6651a4ac21e2840', 'siswa', ''),
(980, 'Hari', 'hari789', 'a2d26a67fbcdf97dfdb0b4fa9511736d', 'siswa', ''),
(981, 'Icha', 'icha234', 'a366e6c3178e26cfdacdd74c47c9f3b6', 'siswa', ''),
(982, 'Juna', 'juna567', '7dcfac8cc7cdf48a70d0dd8c664ad278', 'siswa', ''),
(983, 'Kira', 'kira890', 'd5b30c69f4904ecca6651a4ac21e2840', 'siswa', ''),
(984, 'Luki', 'luki123', 'a2d26a67fbcdf97dfdb0b4fa9511736d', 'siswa', ''),
(985, 'Mila', 'mila456', 'a366e6c3178e26cfdacdd74c47c9f3b6', 'siswa', ''),
(986, 'Nara', 'nara789', '7dcfac8cc7cdf48a70d0dd8c664ad278', 'siswa', ''),
(987, 'Olla', 'olla234', 'd5b30c69f4904ecca6651a4ac21e2840', 'siswa', ''),
(988, 'Pita', 'pita567', 'a2d26a67fbcdf97dfdb0b4fa9511736d', 'siswa', ''),
(989, 'Qori', 'qori890', 'a366e6c3178e26cfdacdd74c47c9f3b6', 'siswa', ''),
(990, 'Rian', 'rian123', '7dcfac8cc7cdf48a70d0dd8c664ad278', 'siswa', ''),
(991, 'Sita', 'sita456', 'd5b30c69f4904ecca6651a4ac21e2840', 'siswa', ''),
(992, 'Tono', 'tono789', 'a2d26a67fbcdf97dfdb0b4fa9511736d', 'siswa', ''),
(993, 'Ulya', 'ulya234', 'a366e6c3178e26cfdacdd74c47c9f3b6', 'siswa', ''),
(994, 'Vina', 'vina567', '7dcfac8cc7cdf48a70d0dd8c664ad278', 'siswa', ''),
(995, 'Wira', 'wira890', 'd5b30c69f4904ecca6651a4ac21e2840', 'siswa', ''),
(996, 'Xara', 'xara123', 'a2d26a67fbcdf97dfdb0b4fa9511736d', 'siswa', ''),
(997, 'Yuni', 'yuni456', 'a366e6c3178e26cfdacdd74c47c9f3b6', 'siswa', ''),
(998, 'Zara', 'zara789', '7dcfac8cc7cdf48a70d0dd8c664ad278', 'siswa', ''),
(999, 'Alya', 'alya234', 'd5b30c69f4904ecca6651a4ac21e2840', 'siswa', ''),
(1000, 'Budi', 'budi567', 'a2d26a67fbcdf97dfdb0b4fa9511736d', 'siswa', ''),
(1001, 'Cita', 'cita890', 'a366e6c3178e26cfdacdd74c47c9f3b6', 'siswa', ''),
(1002, 'Dina', 'dina123', '7dcfac8cc7cdf48a70d0dd8c664ad278', 'siswa', ''),
(1003, 'Ella', 'ella456', 'd5b30c69f4904ecca6651a4ac21e2840', 'siswa', ''),
(1004, 'Faza', 'faza789', 'a2d26a67fbcdf97dfdb0b4fa9511736d', 'siswa', ''),
(1005, 'Gina', 'gina234', 'a366e6c3178e26cfdacdd74c47c9f3b6', 'siswa', ''),
(1006, 'Hari', 'hari567', '7dcfac8cc7cdf48a70d0dd8c664ad278', 'siswa', ''),
(1007, 'Icha', 'icha890', 'd5b30c69f4904ecca6651a4ac21e2840', 'siswa', ''),
(1008, 'Juna', 'juna123', 'a2d26a67fbcdf97dfdb0b4fa9511736d', 'siswa', ''),
(1009, 'Kira', 'kira456', 'a366e6c3178e26cfdacdd74c47c9f3b6', 'siswa', ''),
(1010, 'Luki', 'luki789', '7dcfac8cc7cdf48a70d0dd8c664ad278', 'siswa', ''),
(1011, 'Mila', 'mila234', 'd5b30c69f4904ecca6651a4ac21e2840', 'siswa', ''),
(1012, 'Nara', 'nara567', 'a2d26a67fbcdf97dfdb0b4fa9511736d', 'siswa', ''),
(1013, 'Olla', 'olla890', 'a366e6c3178e26cfdacdd74c47c9f3b6', 'siswa', ''),
(1014, 'Pita', 'pita123', '7dcfac8cc7cdf48a70d0dd8c664ad278', 'siswa', ''),
(1015, 'Qori', 'qori456', 'd5b30c69f4904ecca6651a4ac21e2840', 'siswa', ''),
(1016, 'Rian', 'rian789', 'a2d26a67fbcdf97dfdb0b4fa9511736d', 'siswa', ''),
(1017, 'Sita', 'sita234', 'a366e6c3178e26cfdacdd74c47c9f3b6', 'siswa', ''),
(1018, 'Tono', 'tono567', '7dcfac8cc7cdf48a70d0dd8c664ad278', 'siswa', ''),
(1019, 'Ulya', 'ulya890', 'd5b30c69f4904ecca6651a4ac21e2840', 'siswa', ''),
(1020, 'Vina', 'vina123', 'a2d26a67fbcdf97dfdb0b4fa9511736d', 'siswa', ''),
(1021, 'Wira', 'wira456', 'a366e6c3178e26cfdacdd74c47c9f3b6', 'siswa', ''),
(1022, 'Dina', 'dina123', 'a2d26a67fbcdf97dfdb0b4fa9511736d', 'siswa', ''),
(1023, 'Ella', 'ella456', 'a366e6c3178e26cfdacdd74c47c9f3b6', 'siswa', ''),
(1024, 'Faza', 'faza789', '7dcfac8cc7cdf48a70d0dd8c664ad278', 'siswa', ''),
(1025, 'Gina', 'gina234', 'd5b30c69f4904ecca6651a4ac21e2840', 'siswa', ''),
(1026, 'Hari', 'hari567', 'a2d26a67fbcdf97dfdb0b4fa9511736d', 'siswa', ''),
(1027, 'Icha', 'icha890', 'a366e6c3178e26cfdacdd74c47c9f3b6', 'siswa', ''),
(1028, 'Juna', 'juna123', '7dcfac8cc7cdf48a70d0dd8c664ad278', 'siswa', ''),
(1029, 'Kira', 'kira456', 'd5b30c69f4904ecca6651a4ac21e2840', 'siswa', ''),
(1030, 'Luki', 'luki789', 'a2d26a67fbcdf97dfdb0b4fa9511736d', 'siswa', ''),
(1031, 'Mila', 'mila234', 'a366e6c3178e26cfdacdd74c47c9f3b6', 'siswa', ''),
(1032, 'Nara', 'nara567', '7dcfac8cc7cdf48a70d0dd8c664ad278', 'siswa', ''),
(1033, 'Olla', 'olla890', 'd5b30c69f4904ecca6651a4ac21e2840', 'siswa', ''),
(1034, 'Pita', 'pita123', 'a2d26a67fbcdf97dfdb0b4fa9511736d', 'siswa', ''),
(1035, 'Qori', 'qori456', 'a366e6c3178e26cfdacdd74c47c9f3b6', 'siswa', ''),
(1036, 'Rian', 'rian789', '7dcfac8cc7cdf48a70d0dd8c664ad278', 'siswa', ''),
(1037, 'Sita', 'sita234', 'd5b30c69f4904ecca6651a4ac21e2840', 'siswa', ''),
(1038, 'Tono', 'tono567', 'a2d26a67fbcdf97dfdb0b4fa9511736d', 'siswa', ''),
(1039, 'Ulya', 'ulya890', 'a366e6c3178e26cfdacdd74c47c9f3b6', 'siswa', ''),
(1040, 'Vina', 'vina123', '7dcfac8cc7cdf48a70d0dd8c664ad278', 'siswa', ''),
(1041, 'Wira', 'wira456', 'd5b30c69f4904ecca6651a4ac21e2840', 'siswa', ''),
(1042, 'Xara', 'xara789', 'a2d26a67fbcdf97dfdb0b4fa9511736d', 'siswa', ''),
(1043, 'Yuni', 'yuni234', 'a366e6c3178e26cfdacdd74c47c9f3b6', 'siswa', ''),
(1044, 'Zara', 'zara567', '7dcfac8cc7cdf48a70d0dd8c664ad278', 'siswa', ''),
(1045, 'Alya', 'alya890', 'd5b30c69f4904ecca6651a4ac21e2840', 'siswa', ''),
(1046, 'Budi', 'budi123', 'a2d26a67fbcdf97dfdb0b4fa9511736d', 'siswa', ''),
(1047, 'Cita', 'cita456', 'a366e6c3178e26cfdacdd74c47c9f3b6', 'siswa', ''),
(1048, 'Dina', 'dina789', '7dcfac8cc7cdf48a70d0dd8c664ad278', 'siswa', ''),
(1049, 'Ella', 'ella234', 'd5b30c69f4904ecca6651a4ac21e2840', 'siswa', ''),
(1050, 'Faza', 'faza567', 'a2d26a67fbcdf97dfdb0b4fa9511736d', 'siswa', ''),
(1051, 'Gina', 'gina890', 'a366e6c3178e26cfdacdd74c47c9f3b6', 'siswa', ''),
(1052, 'Hari', 'hari123', '7dcfac8cc7cdf48a70d0dd8c664ad278', 'siswa', ''),
(1053, 'Icha', 'icha456', 'd5b30c69f4904ecca6651a4ac21e2840', 'siswa', ''),
(1054, 'Juna', 'juna789', 'a2d26a67fbcdf97dfdb0b4fa9511736d', 'siswa', ''),
(1055, 'Kira', 'kira234', 'a366e6c3178e26cfdacdd74c47c9f3b6', 'siswa', ''),
(1056, 'Luki', 'luki567', '7dcfac8cc7cdf48a70d0dd8c664ad278', 'siswa', ''),
(1057, 'Mila', 'mila890', 'd5b30c69f4904ecca6651a4ac21e2840', 'siswa', ''),
(1058, 'Nara', 'nara123', 'a2d26a67fbcdf97dfdb0b4fa9511736d', 'siswa', ''),
(1059, 'Olla', 'olla456', 'a366e6c3178e26cfdacdd74c47c9f3b6', 'siswa', ''),
(1060, 'Pita', 'pita789', '7dcfac8cc7cdf48a70d0dd8c664ad278', 'siswa', ''),
(1061, 'Qori', 'qori234', 'd5b30c69f4904ecca6651a4ac21e2840', 'siswa', ''),
(1062, 'Rian', 'rian567', 'a2d26a67fbcdf97dfdb0b4fa9511736d', 'siswa', ''),
(1063, 'Sita', 'sita890', 'a366e6c3178e26cfdacdd74c47c9f3b6', 'siswa', ''),
(1064, 'Tono', 'tono123', '7dcfac8cc7cdf48a70d0dd8c664ad278', 'siswa', ''),
(1065, 'Ulya', 'ulya456', 'd5b30c69f4904ecca6651a4ac21e2840', 'siswa', ''),
(1066, 'Vina', 'vina789', 'a2d26a67fbcdf97dfdb0b4fa9511736d', 'siswa', ''),
(1067, 'Wira', 'wira234', 'a366e6c3178e26cfdacdd74c47c9f3b6', 'siswa', ''),
(1068, 'Xara', 'xara567', '7dcfac8cc7cdf48a70d0dd8c664ad278', 'siswa', ''),
(1069, 'Yuni', 'yuni890', 'd5b30c69f4904ecca6651a4ac21e2840', 'siswa', ''),
(1070, 'Zara', 'zara123', 'a2d26a67fbcdf97dfdb0b4fa9511736d', 'siswa', ''),
(1071, 'Alya', 'alya456', 'a366e6c3178e26cfdacdd74c47c9f3b6', 'siswa', ''),
(1072, 'Budi', 'budi789', '7dcfac8cc7cdf48a70d0dd8c664ad278', 'siswa', ''),
(1073, 'Cita', 'cita234', 'd5b30c69f4904ecca6651a4ac21e2840', 'siswa', ''),
(1074, 'Dina', 'dina567', 'a2d26a67fbcdf97dfdb0b4fa9511736d', 'siswa', ''),
(1075, 'Ella', 'ella890', 'a366e6c3178e26cfdacdd74c47c9f3b6', 'siswa', ''),
(1076, 'Faza', 'faza123', '7dcfac8cc7cdf48a70d0dd8c664ad278', 'siswa', ''),
(1077, 'Gina', 'gina456', 'd5b30c69f4904ecca6651a4ac21e2840', 'siswa', ''),
(1078, 'Hari', 'hari789', 'a2d26a67fbcdf97dfdb0b4fa9511736d', 'siswa', ''),
(1079, 'Icha', 'icha234', 'a366e6c3178e26cfdacdd74c47c9f3b6', 'siswa', ''),
(1080, 'Juna', 'juna567', '7dcfac8cc7cdf48a70d0dd8c664ad278', 'siswa', ''),
(1081, 'Kira', 'kira890', 'd5b30c69f4904ecca6651a4ac21e2840', 'siswa', ''),
(1082, 'Luki', 'luki123', 'a2d26a67fbcdf97dfdb0b4fa9511736d', 'siswa', ''),
(1083, 'Mila', 'mila456', 'a366e6c3178e26cfdacdd74c47c9f3b6', 'siswa', ''),
(1084, 'Nara', 'nara789', '7dcfac8cc7cdf48a70d0dd8c664ad278', 'siswa', ''),
(1085, 'Olla', 'olla234', 'd5b30c69f4904ecca6651a4ac21e2840', 'siswa', ''),
(1086, 'Pita', 'pita567', 'a2d26a67fbcdf97dfdb0b4fa9511736d', 'siswa', ''),
(1087, 'Qori', 'qori890', 'a366e6c3178e26cfdacdd74c47c9f3b6', 'siswa', ''),
(1088, 'Rian', 'rian123', '7dcfac8cc7cdf48a70d0dd8c664ad278', 'siswa', ''),
(1089, 'Sita', 'sita456', 'd5b30c69f4904ecca6651a4ac21e2840', 'siswa', ''),
(1090, 'Tono', 'tono789', 'a2d26a67fbcdf97dfdb0b4fa9511736d', 'siswa', ''),
(1091, 'Ulya', 'ulya234', 'a366e6c3178e26cfdacdd74c47c9f3b6', 'siswa', ''),
(1092, 'Vina', 'vina567', '7dcfac8cc7cdf48a70d0dd8c664ad278', 'siswa', ''),
(1093, 'Wira', 'wira890', 'd5b30c69f4904ecca6651a4ac21e2840', 'siswa', ''),
(1094, 'Xara', 'xara123', 'a2d26a67fbcdf97dfdb0b4fa9511736d', 'siswa', ''),
(1095, 'Yuni', 'yuni456', 'a366e6c3178e26cfdacdd74c47c9f3b6', 'siswa', ''),
(1096, 'Zara', 'zara789', '7dcfac8cc7cdf48a70d0dd8c664ad278', 'siswa', ''),
(1097, 'Alya', 'alya234', 'd5b30c69f4904ecca6651a4ac21e2840', 'siswa', ''),
(1098, 'Budi', 'budi567', 'a2d26a67fbcdf97dfdb0b4fa9511736d', 'siswa', ''),
(1099, 'Cita', 'cita890', 'a366e6c3178e26cfdacdd74c47c9f3b6', 'siswa', ''),
(1100, 'Dina', 'dina123', '7dcfac8cc7cdf48a70d0dd8c664ad278', 'siswa', ''),
(1101, 'Ella', 'ella456', 'd5b30c69f4904ecca6651a4ac21e2840', 'siswa', ''),
(1102, 'Faza', 'faza789', 'a2d26a67fbcdf97dfdb0b4fa9511736d', 'siswa', ''),
(1103, 'Gina', 'gina234', 'a366e6c3178e26cfdacdd74c47c9f3b6', 'siswa', ''),
(1104, 'Hari', 'hari567', '7dcfac8cc7cdf48a70d0dd8c664ad278', 'siswa', ''),
(1105, 'Icha', 'icha890', 'd5b30c69f4904ecca6651a4ac21e2840', 'siswa', ''),
(1106, 'Juna', 'juna123', 'a2d26a67fbcdf97dfdb0b4fa9511736d', 'siswa', ''),
(1107, 'Kira', 'kira456', 'a366e6c3178e26cfdacdd74c47c9f3b6', 'siswa', ''),
(1108, 'Luki', 'luki789', '7dcfac8cc7cdf48a70d0dd8c664ad278', 'siswa', ''),
(1109, 'Mila', 'mila234', 'd5b30c69f4904ecca6651a4ac21e2840', 'siswa', ''),
(1110, 'Nara', 'nara567', 'a2d26a67fbcdf97dfdb0b4fa9511736d', 'siswa', ''),
(1111, 'Olla', 'olla890', 'a366e6c3178e26cfdacdd74c47c9f3b6', 'siswa', ''),
(1112, 'Pita', 'pita123', '7dcfac8cc7cdf48a70d0dd8c664ad278', 'siswa', ''),
(1113, 'Qori', 'qori456', 'd5b30c69f4904ecca6651a4ac21e2840', 'siswa', ''),
(1114, 'Rian', 'rian789', 'a2d26a67fbcdf97dfdb0b4fa9511736d', 'siswa', ''),
(1115, 'Sita', 'sita234', 'a366e6c3178e26cfdacdd74c47c9f3b6', 'siswa', ''),
(1116, 'Tono', 'tono567', '7dcfac8cc7cdf48a70d0dd8c664ad278', 'siswa', ''),
(1117, 'Ulya', 'ulya890', 'd5b30c69f4904ecca6651a4ac21e2840', 'siswa', ''),
(1118, 'Vina', 'vina123', 'a2d26a67fbcdf97dfdb0b4fa9511736d', 'siswa', ''),
(1119, 'Dina', 'dina123', 'a2d26a67fbcdf97dfdb0b4fa9511736d', 'siswa', ''),
(1120, 'Dina', 'dina123', 'a2d26a67fbcdf97dfdb0b4fa9511736d', 'siswa', ''),
(1121, 'Ella', 'ella456', 'a366e6c3178e26cfdacdd74c47c9f3b6', 'siswa', ''),
(1122, 'Faza', 'faza789', '7dcfac8cc7cdf48a70d0dd8c664ad278', 'siswa', ''),
(1123, 'Gina', 'gina234', 'd5b30c69f4904ecca6651a4ac21e2840', 'siswa', ''),
(1124, 'Hari', 'hari567', 'a2d26a67fbcdf97dfdb0b4fa9511736d', 'siswa', ''),
(1125, 'Icha', 'icha890', 'a366e6c3178e26cfdacdd74c47c9f3b6', 'siswa', ''),
(1126, 'Juna', 'juna123', '7dcfac8cc7cdf48a70d0dd8c664ad278', 'siswa', ''),
(1127, 'Kira', 'kira456', 'd5b30c69f4904ecca6651a4ac21e2840', 'siswa', ''),
(1128, 'Luki', 'luki789', 'a2d26a67fbcdf97dfdb0b4fa9511736d', 'siswa', ''),
(1129, 'Mila', 'mila234', 'a366e6c3178e26cfdacdd74c47c9f3b6', 'siswa', ''),
(1130, 'Nara', 'nara567', '7dcfac8cc7cdf48a70d0dd8c664ad278', 'siswa', ''),
(1131, 'Olla', 'olla890', 'd5b30c69f4904ecca6651a4ac21e2840', 'siswa', ''),
(1132, 'Pita', 'pita123', 'a2d26a67fbcdf97dfdb0b4fa9511736d', 'siswa', ''),
(1133, 'Qori', 'qori456', 'a366e6c3178e26cfdacdd74c47c9f3b6', 'siswa', ''),
(1134, 'Rian', 'rian789', '7dcfac8cc7cdf48a70d0dd8c664ad278', 'siswa', ''),
(1135, 'Sita', 'sita234', 'd5b30c69f4904ecca6651a4ac21e2840', 'siswa', ''),
(1136, 'Tono', 'tono567', 'a2d26a67fbcdf97dfdb0b4fa9511736d', 'siswa', ''),
(1137, 'Ulya', 'ulya890', 'a366e6c3178e26cfdacdd74c47c9f3b6', 'siswa', ''),
(1138, 'Vina', 'vina123', '7dcfac8cc7cdf48a70d0dd8c664ad278', 'siswa', ''),
(1139, 'Wira', 'wira456', 'd5b30c69f4904ecca6651a4ac21e2840', 'siswa', ''),
(1140, 'Xara', 'xara789', 'a2d26a67fbcdf97dfdb0b4fa9511736d', 'siswa', ''),
(1141, 'Yuni', 'yuni234', 'a366e6c3178e26cfdacdd74c47c9f3b6', 'siswa', ''),
(1142, 'Zara', 'zara567', '7dcfac8cc7cdf48a70d0dd8c664ad278', 'siswa', ''),
(1143, 'Alya', 'alya890', 'd5b30c69f4904ecca6651a4ac21e2840', 'siswa', ''),
(1144, 'Budi', 'budi123', 'a2d26a67fbcdf97dfdb0b4fa9511736d', 'siswa', ''),
(1145, 'Cita', 'cita456', 'a366e6c3178e26cfdacdd74c47c9f3b6', 'siswa', ''),
(1146, 'Dina', 'dina789', '7dcfac8cc7cdf48a70d0dd8c664ad278', 'siswa', ''),
(1147, 'Ella', 'ella234', 'd5b30c69f4904ecca6651a4ac21e2840', 'siswa', ''),
(1148, 'Faza', 'faza567', 'a2d26a67fbcdf97dfdb0b4fa9511736d', 'siswa', ''),
(1149, 'Gina', 'gina890', 'a366e6c3178e26cfdacdd74c47c9f3b6', 'siswa', ''),
(1150, 'Hari', 'hari123', '7dcfac8cc7cdf48a70d0dd8c664ad278', 'siswa', ''),
(1151, 'Icha', 'icha456', 'd5b30c69f4904ecca6651a4ac21e2840', 'siswa', ''),
(1152, 'Juna', 'juna789', 'a2d26a67fbcdf97dfdb0b4fa9511736d', 'siswa', ''),
(1153, 'Kira', 'kira234', 'a366e6c3178e26cfdacdd74c47c9f3b6', 'siswa', ''),
(1154, 'Luki', 'luki567', '7dcfac8cc7cdf48a70d0dd8c664ad278', 'siswa', ''),
(1155, 'Mila', 'mila890', 'd5b30c69f4904ecca6651a4ac21e2840', 'siswa', ''),
(1156, 'Nara', 'nara123', 'a2d26a67fbcdf97dfdb0b4fa9511736d', 'siswa', ''),
(1157, 'Olla', 'olla456', 'a366e6c3178e26cfdacdd74c47c9f3b6', 'siswa', ''),
(1158, 'Pita', 'pita789', '7dcfac8cc7cdf48a70d0dd8c664ad278', 'siswa', ''),
(1159, 'Qori', 'qori234', 'd5b30c69f4904ecca6651a4ac21e2840', 'siswa', ''),
(1160, 'Rian', 'rian567', 'a2d26a67fbcdf97dfdb0b4fa9511736d', 'siswa', ''),
(1161, 'Sita', 'sita890', 'a366e6c3178e26cfdacdd74c47c9f3b6', 'siswa', ''),
(1162, 'Tono', 'tono123', '7dcfac8cc7cdf48a70d0dd8c664ad278', 'siswa', ''),
(1163, 'Ulya', 'ulya456', 'd5b30c69f4904ecca6651a4ac21e2840', 'siswa', ''),
(1164, 'Vina', 'vina789', 'a2d26a67fbcdf97dfdb0b4fa9511736d', 'siswa', ''),
(1165, 'Wira', 'wira234', 'a366e6c3178e26cfdacdd74c47c9f3b6', 'siswa', ''),
(1166, 'Xara', 'xara567', '7dcfac8cc7cdf48a70d0dd8c664ad278', 'siswa', ''),
(1167, 'Yuni', 'yuni890', 'd5b30c69f4904ecca6651a4ac21e2840', 'siswa', ''),
(1168, 'Zara', 'zara123', 'a2d26a67fbcdf97dfdb0b4fa9511736d', 'siswa', ''),
(1169, 'Alya', 'alya456', 'a366e6c3178e26cfdacdd74c47c9f3b6', 'siswa', ''),
(1170, 'Budi', 'budi789', '7dcfac8cc7cdf48a70d0dd8c664ad278', 'siswa', ''),
(1171, 'Cita', 'cita234', 'd5b30c69f4904ecca6651a4ac21e2840', 'siswa', ''),
(1172, 'Dina', 'dina567', 'a2d26a67fbcdf97dfdb0b4fa9511736d', 'siswa', ''),
(1173, 'Ella', 'ella890', 'a366e6c3178e26cfdacdd74c47c9f3b6', 'siswa', ''),
(1174, 'Faza', 'faza123', '7dcfac8cc7cdf48a70d0dd8c664ad278', 'siswa', ''),
(1175, 'Gina', 'gina456', 'd5b30c69f4904ecca6651a4ac21e2840', 'siswa', ''),
(1176, 'Hari', 'hari789', 'a2d26a67fbcdf97dfdb0b4fa9511736d', 'siswa', ''),
(1177, 'Icha', 'icha234', 'a366e6c3178e26cfdacdd74c47c9f3b6', 'siswa', ''),
(1178, 'Juna', 'juna567', '7dcfac8cc7cdf48a70d0dd8c664ad278', 'siswa', ''),
(1179, 'Kira', 'kira890', 'd5b30c69f4904ecca6651a4ac21e2840', 'siswa', ''),
(1180, 'Luki', 'luki123', 'a2d26a67fbcdf97dfdb0b4fa9511736d', 'siswa', ''),
(1181, 'Mila', 'mila456', 'a366e6c3178e26cfdacdd74c47c9f3b6', 'siswa', ''),
(1182, 'Nara', 'nara789', '7dcfac8cc7cdf48a70d0dd8c664ad278', 'siswa', ''),
(1183, 'Olla', 'olla234', 'd5b30c69f4904ecca6651a4ac21e2840', 'siswa', ''),
(1184, 'Pita', 'pita567', 'a2d26a67fbcdf97dfdb0b4fa9511736d', 'siswa', ''),
(1185, 'Qori', 'qori890', 'a366e6c3178e26cfdacdd74c47c9f3b6', 'siswa', ''),
(1186, 'Rian', 'rian123', '7dcfac8cc7cdf48a70d0dd8c664ad278', 'siswa', ''),
(1187, 'Sita', 'sita456', 'd5b30c69f4904ecca6651a4ac21e2840', 'siswa', ''),
(1188, 'Tono', 'tono789', 'a2d26a67fbcdf97dfdb0b4fa9511736d', 'siswa', ''),
(1189, 'Ulya', 'ulya234', 'a366e6c3178e26cfdacdd74c47c9f3b6', 'siswa', ''),
(1190, 'Vina', 'vina567', '7dcfac8cc7cdf48a70d0dd8c664ad278', 'siswa', ''),
(1191, 'Wira', 'wira890', 'd5b30c69f4904ecca6651a4ac21e2840', 'siswa', ''),
(1192, 'Xara', 'xara123', 'a2d26a67fbcdf97dfdb0b4fa9511736d', 'siswa', ''),
(1193, 'Yuni', 'yuni456', 'a366e6c3178e26cfdacdd74c47c9f3b6', 'siswa', ''),
(1194, 'Zara', 'zara789', '7dcfac8cc7cdf48a70d0dd8c664ad278', 'siswa', ''),
(1195, 'Alya', 'alya234', 'd5b30c69f4904ecca6651a4ac21e2840', 'siswa', ''),
(1196, 'Budi', 'budi567', 'a2d26a67fbcdf97dfdb0b4fa9511736d', 'siswa', ''),
(1197, 'Cita', 'cita890', 'a366e6c3178e26cfdacdd74c47c9f3b6', 'siswa', ''),
(1198, 'Dina', 'dina123', '7dcfac8cc7cdf48a70d0dd8c664ad278', 'siswa', ''),
(1199, 'Ella', 'ella456', 'd5b30c69f4904ecca6651a4ac21e2840', 'siswa', ''),
(1200, 'Faza', 'faza789', 'a2d26a67fbcdf97dfdb0b4fa9511736d', 'siswa', ''),
(1201, 'Gina', 'gina234', 'a366e6c3178e26cfdacdd74c47c9f3b6', 'siswa', ''),
(1202, 'Hari', 'hari567', '7dcfac8cc7cdf48a70d0dd8c664ad278', 'siswa', ''),
(1203, 'Icha', 'icha890', 'd5b30c69f4904ecca6651a4ac21e2840', 'siswa', ''),
(1204, 'Juna', 'juna123', 'a2d26a67fbcdf97dfdb0b4fa9511736d', 'siswa', ''),
(1205, 'Kira', 'kira456', 'a366e6c3178e26cfdacdd74c47c9f3b6', 'siswa', ''),
(1206, 'Luki', 'luki789', '7dcfac8cc7cdf48a70d0dd8c664ad278', 'siswa', ''),
(1207, 'Mila', 'mila234', 'd5b30c69f4904ecca6651a4ac21e2840', 'siswa', ''),
(1208, 'Nara', 'nara567', 'a2d26a67fbcdf97dfdb0b4fa9511736d', 'siswa', ''),
(1209, 'Olla', 'olla890', 'a366e6c3178e26cfdacdd74c47c9f3b6', 'siswa', ''),
(1210, 'Pita', 'pita123', '7dcfac8cc7cdf48a70d0dd8c664ad278', 'siswa', ''),
(1211, 'Qori', 'qori456', 'd5b30c69f4904ecca6651a4ac21e2840', 'siswa', ''),
(1212, 'Rian', 'rian789', 'a2d26a67fbcdf97dfdb0b4fa9511736d', 'siswa', ''),
(1213, 'Sita', 'sita234', 'a366e6c3178e26cfdacdd74c47c9f3b6', 'siswa', ''),
(1214, 'Tono', 'tono567', '7dcfac8cc7cdf48a70d0dd8c664ad278', 'siswa', ''),
(1215, 'Ulya', 'ulya890', 'd5b30c69f4904ecca6651a4ac21e2840', 'siswa', ''),
(1216, 'Vina', 'vina123', 'a2d26a67fbcdf97dfdb0b4fa9511736d', 'siswa', ''),
(1217, 'Wira', 'wira456', 'a366e6c3178e26cfdacdd74c47c9f3b6', 'siswa', ''),
(1218, 'Xara', 'xara789', '7dcfac8cc7cdf48a70d0dd8c664ad278', 'siswa', ''),
(1219, 'Yuni', 'yuni234', 'd5b30c69f4904ecca6651a4ac21e2840', 'siswa', ''),
(1220, 'Zara', 'zara567', 'a2d26a67fbcdf97dfdb0b4fa9511736d', 'siswa', ''),
(1221, 'Alya', 'alya890', 'a366e6c3178e26cfdacdd74c47c9f3b6', 'siswa', ''),
(1222, 'Budi', 'budi123', '7dcfac8cc7cdf48a70d0dd8c664ad278', 'siswa', ''),
(1223, 'Cita', 'cita456', 'd5b30c69f4904ecca6651a4ac21e2840', 'siswa', ''),
(1224, 'Dina', 'dina789', 'a2d26a67fbcdf97dfdb0b4fa9511736d', 'siswa', ''),
(1225, 'Ella', 'ella234', 'a366e6c3178e26cfdacdd74c47c9f3b6', 'siswa', ''),
(1226, 'Faza', 'faza567', '7dcfac8cc7cdf48a70d0dd8c664ad278', 'siswa', ''),
(1227, 'Gina', 'gina890', 'd5b30c69f4904ecca6651a4ac21e2840', 'siswa', ''),
(1228, 'Hari', 'hari123', 'a2d26a67fbcdf97dfdb0b4fa9511736d', 'siswa', ''),
(1229, 'Icha', 'icha456', 'a366e6c3178e26cfdacdd74c47c9f3b6', 'siswa', ''),
(1230, 'Juna', 'juna789', '7dcfac8cc7cdf48a70d0dd8c664ad278', 'siswa', ''),
(1231, 'Dina', 'dina123', 'a2d26a67fbcdf97dfdb0b4fa9511736d', 'siswa', ''),
(1232, 'Ella', 'ella456', 'a366e6c3178e26cfdacdd74c47c9f3b6', 'siswa', ''),
(1233, 'Faza', 'faza789', '7dcfac8cc7cdf48a70d0dd8c664ad278', 'siswa', ''),
(1234, 'Gina', 'gina234', 'd5b30c69f4904ecca6651a4ac21e2840', 'siswa', ''),
(1235, 'Hari', 'hari567', 'a2d26a67fbcdf97dfdb0b4fa9511736d', 'siswa', ''),
(1236, 'Icha', 'icha890', 'a366e6c3178e26cfdacdd74c47c9f3b6', 'siswa', ''),
(1237, 'Juna', 'juna123', '7dcfac8cc7cdf48a70d0dd8c664ad278', 'siswa', ''),
(1238, 'Kira', 'kira456', 'd5b30c69f4904ecca6651a4ac21e2840', 'siswa', ''),
(1239, 'Luki', 'luki789', 'a2d26a67fbcdf97dfdb0b4fa9511736d', 'siswa', ''),
(1240, 'Mila', 'mila234', 'a366e6c3178e26cfdacdd74c47c9f3b6', 'siswa', ''),
(1241, 'Nara', 'nara567', '7dcfac8cc7cdf48a70d0dd8c664ad278', 'siswa', ''),
(1242, 'Olla', 'olla890', 'd5b30c69f4904ecca6651a4ac21e2840', 'siswa', ''),
(1243, 'Pita', 'pita123', 'a2d26a67fbcdf97dfdb0b4fa9511736d', 'siswa', ''),
(1244, 'Qori', 'qori456', 'a366e6c3178e26cfdacdd74c47c9f3b6', 'siswa', ''),
(1245, 'Rian', 'rian789', '7dcfac8cc7cdf48a70d0dd8c664ad278', 'siswa', ''),
(1246, 'Sita', 'sita234', 'd5b30c69f4904ecca6651a4ac21e2840', 'siswa', ''),
(1247, 'Tono', 'tono567', 'a2d26a67fbcdf97dfdb0b4fa9511736d', 'siswa', ''),
(1248, 'Ulya', 'ulya890', 'a366e6c3178e26cfdacdd74c47c9f3b6', 'siswa', ''),
(1249, 'Vina', 'vina123', '7dcfac8cc7cdf48a70d0dd8c664ad278', 'siswa', ''),
(1250, 'Wira', 'wira456', 'd5b30c69f4904ecca6651a4ac21e2840', 'siswa', ''),
(1251, 'Xara', 'xara789', 'a2d26a67fbcdf97dfdb0b4fa9511736d', 'siswa', ''),
(1252, 'Yuni', 'yuni234', 'a366e6c3178e26cfdacdd74c47c9f3b6', 'siswa', ''),
(1253, 'Zara', 'zara567', '7dcfac8cc7cdf48a70d0dd8c664ad278', 'siswa', ''),
(1254, 'Alya', 'alya890', 'd5b30c69f4904ecca6651a4ac21e2840', 'siswa', ''),
(1255, 'Budi', 'budi123', 'a2d26a67fbcdf97dfdb0b4fa9511736d', 'siswa', ''),
(1256, 'Cita', 'cita456', 'a366e6c3178e26cfdacdd74c47c9f3b6', 'siswa', ''),
(1257, 'Dina', 'dina789', '7dcfac8cc7cdf48a70d0dd8c664ad278', 'siswa', ''),
(1258, 'Ella', 'ella234', 'd5b30c69f4904ecca6651a4ac21e2840', 'siswa', ''),
(1259, 'Faza', 'faza567', 'a2d26a67fbcdf97dfdb0b4fa9511736d', 'siswa', ''),
(1260, 'Gina', 'gina890', 'a366e6c3178e26cfdacdd74c47c9f3b6', 'siswa', ''),
(1261, 'Hari', 'hari123', '7dcfac8cc7cdf48a70d0dd8c664ad278', 'siswa', ''),
(1262, 'Icha', 'icha456', 'd5b30c69f4904ecca6651a4ac21e2840', 'siswa', ''),
(1263, 'Juna', 'juna789', 'a2d26a67fbcdf97dfdb0b4fa9511736d', 'siswa', ''),
(1264, 'Kira', 'kira234', 'a366e6c3178e26cfdacdd74c47c9f3b6', 'siswa', ''),
(1265, 'Luki', 'luki567', '7dcfac8cc7cdf48a70d0dd8c664ad278', 'siswa', ''),
(1266, 'Mila', 'mila890', 'd5b30c69f4904ecca6651a4ac21e2840', 'siswa', ''),
(1267, 'Nara', 'nara123', 'a2d26a67fbcdf97dfdb0b4fa9511736d', 'siswa', ''),
(1268, 'Olla', 'olla456', 'a366e6c3178e26cfdacdd74c47c9f3b6', 'siswa', ''),
(1269, 'Pita', 'pita789', '7dcfac8cc7cdf48a70d0dd8c664ad278', 'siswa', ''),
(1270, 'Qori', 'qori234', 'd5b30c69f4904ecca6651a4ac21e2840', 'siswa', ''),
(1271, 'Rian', 'rian567', 'a2d26a67fbcdf97dfdb0b4fa9511736d', 'siswa', ''),
(1272, 'Sita', 'sita890', 'a366e6c3178e26cfdacdd74c47c9f3b6', 'siswa', ''),
(1273, 'Tono', 'tono123', '7dcfac8cc7cdf48a70d0dd8c664ad278', 'siswa', ''),
(1274, 'Ulya', 'ulya456', 'd5b30c69f4904ecca6651a4ac21e2840', 'siswa', ''),
(1275, 'Vina', 'vina789', 'a2d26a67fbcdf97dfdb0b4fa9511736d', 'siswa', ''),
(1276, 'Wira', 'wira234', 'a366e6c3178e26cfdacdd74c47c9f3b6', 'siswa', ''),
(1277, 'Xara', 'xara567', '7dcfac8cc7cdf48a70d0dd8c664ad278', 'siswa', ''),
(1278, 'Yuni', 'yuni890', 'd5b30c69f4904ecca6651a4ac21e2840', 'siswa', ''),
(1279, 'Zara', 'zara123', 'a2d26a67fbcdf97dfdb0b4fa9511736d', 'siswa', ''),
(1280, 'Alya', 'alya456', 'a366e6c3178e26cfdacdd74c47c9f3b6', 'siswa', ''),
(1281, 'Budi', 'budi789', '7dcfac8cc7cdf48a70d0dd8c664ad278', 'siswa', ''),
(1282, 'Cita', 'cita234', 'd5b30c69f4904ecca6651a4ac21e2840', 'siswa', ''),
(1283, 'Dina', 'dina567', 'a2d26a67fbcdf97dfdb0b4fa9511736d', 'siswa', ''),
(1284, 'Ella', 'ella890', 'a366e6c3178e26cfdacdd74c47c9f3b6', 'siswa', ''),
(1285, 'Faza', 'faza123', '7dcfac8cc7cdf48a70d0dd8c664ad278', 'siswa', ''),
(1286, 'Gina', 'gina456', 'd5b30c69f4904ecca6651a4ac21e2840', 'siswa', ''),
(1287, 'Hari', 'hari789', 'a2d26a67fbcdf97dfdb0b4fa9511736d', 'siswa', ''),
(1288, 'Icha', 'icha234', 'a366e6c3178e26cfdacdd74c47c9f3b6', 'siswa', ''),
(1289, 'Juna', 'juna567', '7dcfac8cc7cdf48a70d0dd8c664ad278', 'siswa', ''),
(1290, 'Kira', 'kira890', 'd5b30c69f4904ecca6651a4ac21e2840', 'siswa', ''),
(1291, 'Luki', 'luki123', 'a2d26a67fbcdf97dfdb0b4fa9511736d', 'siswa', ''),
(1292, 'Mila', 'mila456', 'a366e6c3178e26cfdacdd74c47c9f3b6', 'siswa', ''),
(1293, 'Nara', 'nara789', '7dcfac8cc7cdf48a70d0dd8c664ad278', 'siswa', ''),
(1294, 'Olla', 'olla234', 'd5b30c69f4904ecca6651a4ac21e2840', 'siswa', ''),
(1295, 'Pita', 'pita567', 'a2d26a67fbcdf97dfdb0b4fa9511736d', 'siswa', ''),
(1296, 'Qori', 'qori890', 'a366e6c3178e26cfdacdd74c47c9f3b6', 'siswa', ''),
(1297, 'Rian', 'rian123', '7dcfac8cc7cdf48a70d0dd8c664ad278', 'siswa', ''),
(1298, 'Sita', 'sita456', 'd5b30c69f4904ecca6651a4ac21e2840', 'siswa', ''),
(1299, 'Tono', 'tono789', 'a2d26a67fbcdf97dfdb0b4fa9511736d', 'siswa', ''),
(1300, 'Ulya', 'ulya234', 'a366e6c3178e26cfdacdd74c47c9f3b6', 'siswa', ''),
(1301, 'Vina', 'vina567', '7dcfac8cc7cdf48a70d0dd8c664ad278', 'siswa', ''),
(1302, 'Wira', 'wira890', 'd5b30c69f4904ecca6651a4ac21e2840', 'siswa', ''),
(1303, 'Xara', 'xara123', 'a2d26a67fbcdf97dfdb0b4fa9511736d', 'siswa', ''),
(1304, 'Yuni', 'yuni456', 'a366e6c3178e26cfdacdd74c47c9f3b6', 'siswa', ''),
(1305, 'Zara', 'zara789', '7dcfac8cc7cdf48a70d0dd8c664ad278', 'siswa', ''),
(1306, 'Alya', 'alya234', 'd5b30c69f4904ecca6651a4ac21e2840', 'siswa', ''),
(1307, 'Budi', 'budi567', 'a2d26a67fbcdf97dfdb0b4fa9511736d', 'siswa', ''),
(1308, 'Cita', 'cita890', 'a366e6c3178e26cfdacdd74c47c9f3b6', 'siswa', ''),
(1309, 'Dina', 'dina123', '7dcfac8cc7cdf48a70d0dd8c664ad278', 'siswa', ''),
(1310, 'Ella', 'ella456', 'd5b30c69f4904ecca6651a4ac21e2840', 'siswa', ''),
(1311, 'Faza', 'faza789', 'a2d26a67fbcdf97dfdb0b4fa9511736d', 'siswa', ''),
(1312, 'Gina', 'gina234', 'a366e6c3178e26cfdacdd74c47c9f3b6', 'siswa', ''),
(1313, 'Hari', 'hari567', '7dcfac8cc7cdf48a70d0dd8c664ad278', 'siswa', ''),
(1316, 'Laila S.pd', 'laila', 'f30618ed64655812746272636a992b95', 'guru', '');

--
-- Indexes for dumped tables
--

--
-- Indeks untuk tabel `admin`
--
ALTER TABLE `admin`
  ADD PRIMARY KEY (`id_admin`);

--
-- Indeks untuk tabel `artikel`
--
ALTER TABLE `artikel`
  ADD PRIMARY KEY (`id_artikel`),
  ADD KEY `id_user` (`id_user`);

--
-- Indeks untuk tabel `data_guru`
--
ALTER TABLE `data_guru`
  ADD PRIMARY KEY (`nip`),
  ADD KEY `id_user` (`id_user`);

--
-- Indeks untuk tabel `data_siswa`
--
ALTER TABLE `data_siswa`
  ADD PRIMARY KEY (`nis`),
  ADD KEY `id_user` (`id_user`),
  ADD KEY `id_jurusan` (`id_jurusan`);

--
-- Indeks untuk tabel `jurusan`
--
ALTER TABLE `jurusan`
  ADD PRIMARY KEY (`id_jurusan`);

--
-- Indeks untuk tabel `komentar`
--
ALTER TABLE `komentar`
  ADD PRIMARY KEY (`id_komentar`),
  ADD KEY `id_user` (`id_user`,`id_artikel`),
  ADD KEY `id_artikel` (`id_artikel`);

--
-- Indeks untuk tabel `komentar_pengumuman`
--
ALTER TABLE `komentar_pengumuman`
  ADD PRIMARY KEY (`id_komentar`),
  ADD KEY `id_user` (`id_user`,`id_pengumuman`),
  ADD KEY `id_pengumuman` (`id_pengumuman`);

--
-- Indeks untuk tabel `kriteria_spk`
--
ALTER TABLE `kriteria_spk`
  ADD PRIMARY KEY (`id_kriteria`),
  ADD KEY `id_jurusan` (`id_jurusan`);

--
-- Indeks untuk tabel `pendaftar_pmb`
--
ALTER TABLE `pendaftar_pmb`
  ADD PRIMARY KEY (`id_pmb`),
  ADD KEY `id_jurusan` (`id_jurusan`);

--
-- Indeks untuk tabel `pengumuman`
--
ALTER TABLE `pengumuman`
  ADD PRIMARY KEY (`id_pengumuman`),
  ADD KEY `id_user` (`id_user`);

--
-- Indeks untuk tabel `user`
--
ALTER TABLE `user`
  ADD PRIMARY KEY (`id_user`);

--
-- AUTO_INCREMENT untuk tabel yang dibuang
--

--
-- AUTO_INCREMENT untuk tabel `admin`
--
ALTER TABLE `admin`
  MODIFY `id_admin` int(11) NOT NULL AUTO_INCREMENT, AUTO_INCREMENT=2;

--
-- AUTO_INCREMENT untuk tabel `artikel`
--
ALTER TABLE `artikel`
  MODIFY `id_artikel` int(11) NOT NULL AUTO_INCREMENT, AUTO_INCREMENT=8;

--
-- AUTO_INCREMENT untuk tabel `jurusan`
--
ALTER TABLE `jurusan`
  MODIFY `id_jurusan` int(11) NOT NULL AUTO_INCREMENT, AUTO_INCREMENT=5;

--
-- AUTO_INCREMENT untuk tabel `komentar`
--
ALTER TABLE `komentar`
  MODIFY `id_komentar` int(11) NOT NULL AUTO_INCREMENT, AUTO_INCREMENT=5;

--
-- AUTO_INCREMENT untuk tabel `komentar_pengumuman`
--
ALTER TABLE `komentar_pengumuman`
  MODIFY `id_komentar` int(11) NOT NULL AUTO_INCREMENT, AUTO_INCREMENT=2;

--
-- AUTO_INCREMENT untuk tabel `kriteria_spk`
--
ALTER TABLE `kriteria_spk`
  MODIFY `id_kriteria` int(11) NOT NULL AUTO_INCREMENT, AUTO_INCREMENT=13;

--
-- AUTO_INCREMENT untuk tabel `pendaftar_pmb`
--
ALTER TABLE `pendaftar_pmb`
  MODIFY `id_pmb` int(11) NOT NULL AUTO_INCREMENT, AUTO_INCREMENT=71;

--
-- AUTO_INCREMENT untuk tabel `pengumuman`
--
ALTER TABLE `pengumuman`
  MODIFY `id_pengumuman` int(11) NOT NULL AUTO_INCREMENT, AUTO_INCREMENT=2;

--
-- AUTO_INCREMENT untuk tabel `user`
--
ALTER TABLE `user`
  MODIFY `id_user` int(11) NOT NULL AUTO_INCREMENT, AUTO_INCREMENT=1317;

--
-- Ketidakleluasaan untuk tabel pelimpahan (Dumped Tables)
--

--
-- Ketidakleluasaan untuk tabel `artikel`
--
ALTER TABLE `artikel`
  ADD CONSTRAINT `artikel_ibfk_1` FOREIGN KEY (`id_user`) REFERENCES `user` (`id_user`);

--
-- Ketidakleluasaan untuk tabel `data_guru`
--
ALTER TABLE `data_guru`
  ADD CONSTRAINT `data_guru_ibfk_1` FOREIGN KEY (`id_user`) REFERENCES `user` (`id_user`);

--
-- Ketidakleluasaan untuk tabel `data_siswa`
--
ALTER TABLE `data_siswa`
  ADD CONSTRAINT `data_siswa_ibfk_1` FOREIGN KEY (`id_user`) REFERENCES `user` (`id_user`),
  ADD CONSTRAINT `data_siswa_ibfk_2` FOREIGN KEY (`id_jurusan`) REFERENCES `jurusan` (`id_jurusan`);

--
-- Ketidakleluasaan untuk tabel `komentar`
--
ALTER TABLE `komentar`
  ADD CONSTRAINT `komentar_ibfk_1` FOREIGN KEY (`id_user`) REFERENCES `user` (`id_user`),
  ADD CONSTRAINT `komentar_ibfk_2` FOREIGN KEY (`id_artikel`) REFERENCES `artikel` (`id_artikel`);

--
-- Ketidakleluasaan untuk tabel `komentar_pengumuman`
--
ALTER TABLE `komentar_pengumuman`
  ADD CONSTRAINT `komentar_pengumuman_ibfk_1` FOREIGN KEY (`id_user`) REFERENCES `user` (`id_user`),
  ADD CONSTRAINT `komentar_pengumuman_ibfk_2` FOREIGN KEY (`id_pengumuman`) REFERENCES `pengumuman` (`id_pengumuman`);

--
-- Ketidakleluasaan untuk tabel `kriteria_spk`
--
ALTER TABLE `kriteria_spk`
  ADD CONSTRAINT `kriteria_spk_ibfk_1` FOREIGN KEY (`id_jurusan`) REFERENCES `jurusan` (`id_jurusan`);

--
-- Ketidakleluasaan untuk tabel `pendaftar_pmb`
--
ALTER TABLE `pendaftar_pmb`
  ADD CONSTRAINT `pendaftar_pmb_ibfk_1` FOREIGN KEY (`id_jurusan`) REFERENCES `jurusan` (`id_jurusan`);

--
-- Ketidakleluasaan untuk tabel `pengumuman`
--
ALTER TABLE `pengumuman`
  ADD CONSTRAINT `pengumuman_ibfk_1` FOREIGN KEY (`id_user`) REFERENCES `user` (`id_user`);
COMMIT;

/*!40101 SET CHARACTER_SET_CLIENT=@OLD_CHARACTER_SET_CLIENT */;
/*!40101 SET CHARACTER_SET_RESULTS=@OLD_CHARACTER_SET_RESULTS */;
/*!40101 SET COLLATION_CONNECTION=@OLD_COLLATION_CONNECTION */;
